Category,Product Name,Location,Price,Overall Rating,Number Sold,Total Review,Customer Rating,Customer Review,Sentiment,Emotion,Cleaned Review
Computers and Laptops,Wireless Keyboard i8 Mini TouchPad Mouse 2.4G Handheld PC Android TV,Jakarta Utara,53500,4.9,5449,2369,5,Alhamdulillah berfungsi dengan baik. Packaging aman. Respon cepat dan ramah. Seller dan kurir amanah,Positive,Happy,alhamdulillah berfungsi dengan baik. packaging aman. respon cepat dan ramah. seller dan kurir amanah
Computers and Laptops,PAKET LISENSI WINDOWS 10 PRO DAN OFFICE 2019 ORIGINAL + BONUS,Kota Tangerang Selatan,72000,4.9,2359,1044,5,"barang bagus dan respon cepat, harga bersaing dengan yg lain.",Positive,Happy,"barang bagus dan respon cepat, harga bersaing dengan yg lain."
Computers and Laptops,SSD Midasforce 128 Gb - Tanpa Caddy,Jakarta Barat,213000,5.0,12300,3573,5,"barang bagus, berfungsi dengan baik, seler ramah, pengiriman cepat",Positive,Happy,"barang bagus, berfungsi dengan baik, seler ramah, pengiriman cepat"
Computers and Laptops,ADAPTOR CHARGER MONITOR LCD LED TV LG merek LG 19V ORIGINAL,Jakarta Timur,55000,4.7,2030,672,5,bagus sesuai harapan penjual nya juga ramah. trimakasih pelapak ??,Positive,Happy,bagus sesuai harapan penjual nya juga ramah. trimakasih pelapak ??
Computers and Laptops,ADAPTOR CHARGER MONITOR LCD LED TV LG merek LG 19V ORIGINAL,Jakarta Timur,55000,4.7,2030,672,5,"Barang Bagus, pengemasan Aman, dapat Berfungsi dengan Baik",Positive,Happy,"barang bagus, pengemasan aman, dapat berfungsi dengan baik"
Computers and Laptops,ADAPTOR CHARGER MONITOR LCD LED TV LG merek LG 19V ORIGINAL,Jakarta Timur,55000,4.7,2030,672,5,"barang bagus, seller ramah..",Positive,Happy,"barang bagus, seller ramah.."
Computers and Laptops,Kepala Colokan Listrik Charger Macbook untuk colokan Indonesia,Jakarta Selatan,85000,4.9,1339,718,5,mantap paten joss,Positive,Happy,mantap paten joss
Computers and Laptops,AFL Bidirectional HDMI Switcher 1-In 2-Out & 2-In 1-Out - AFU,Jakarta Barat,136500,5.0,1201,632,5,"Works fine. Respon seller cepat, barang berfungsi dengan baik. Recommended.",Positive,Happy,"works fine. respon seller cepat, barang berfungsi dengan baik. recommended."
Computers and Laptops,AFL Bidirectional HDMI Switcher 1-In 2-Out & 2-In 1-Out - AFU,Jakarta Barat,136500,5.0,1201,632,5,barang bagus.. segel.. utuh.. original.. berfungsi dengan bener.. seller respon nya ajib.. cepat amir... uda gt kasi sarannya pas banget lg dengan kebutuhan.. mantabbb,Positive,Happy,barang bagus.. segel.. utuh.. original.. berfungsi dengan bener.. seller respon nya ajib.. cepat amir... uda gt kasi sarannya pas banget lg dengan kebutuhan.. mantabbb
Computers and Laptops,Adaptor Charger OriginaL Laptop Asus X441 X441U X441UV X441UA X441S,Jakarta Barat,113777,4.9,1630,777,5,Barang datang dan berfungsi dengan baik dan terlihat bagus kali ada lampu birunya.,Positive,Happy,barang datang dan berfungsi dengan baik dan terlihat bagus kali ada lampu birunya.
Computers and Laptops,Adaptor Charger OriginaL Laptop Asus X441 X441U X441UV X441UA X441S,Jakarta Barat,113777,4.9,1630,777,5,"Pengiriman super cepat, barang bagus, recommended seller, thanks",Positive,Happy,"pengiriman super cepat, barang bagus, recommended seller, thanks"
Computers and Laptops,Adaptor Charger Laptop Asus A455LA A455LD A455LB A455 A455L Original,Jakarta Utara,66000,4.8,2702,882,5,alhamdulillah barangnya udah nyampe... d coba bagus... semoga awet... terima kasih seller kurir dan tokopedia...,Positive,Happy,alhamdulillah barangnya udah nyampe... d coba bagus... semoga awet... terima kasih seller kurir dan tokopedia...
Computers and Laptops,Kabel Power Adaptor Charger Laptop 3 Lubang,Jakarta Pusat,25000,4.9,2122,828,5,"Penjual amanah, responsif. Kabel berfungsi baik. Pengiriman cepat. Terima kasih.",Positive,Happy,"penjual amanah, responsif. kabel berfungsi baik. pengiriman cepat. terima kasih."
Computers and Laptops,Charger Adaptor Laptop Acer Aspire E14 E5-421 E5-431 E5-471 E5-475G,Jakarta Pusat,55000,4.9,2010,970,5,"Alhamdulillah barang sudah sampai, bisa dipakai semoga berfungsi dengan baik dan awet, kurirnya baik smoga rezekinya lancar terus",Positive,Happy,"alhamdulillah barang sudah sampai, bisa dipakai semoga berfungsi dengan baik dan awet, kurirnya baik smoga rezekinya lancar terus"
Computers and Laptops,Cooling Pad Laptop Gaming 6 Fan Kipas Pendingin Laptop Kipas Cooler Q3,Kota Bandung,127880,4.9,1257,700,5,bagus. berjalan baik dan cukup silent. kokoh dan muat untuk laptop 16 inch,Positive,Happy,bagus. berjalan baik dan cukup silent. kokoh dan muat untuk laptop 16 inch
Computers and Laptops,Cooling Pad Laptop Gaming 6 Fan Kipas Pendingin Laptop Kipas Cooler Q3,Kota Bandung,127880,4.9,1257,700,5,"Packing aman, pengiriman cepat dan barang berfungsi dengan baik",Positive,Happy,"packing aman, pengiriman cepat dan barang berfungsi dengan baik"
Computers and Laptops,"kipas laptop cooling pad Ace cooling ergostand 15,6inch 1 fan",Jakarta Utara,80000,4.8,3982,1890,5,Produknya baik dan kualitasny good banget. produk sampai ke konsumen dalam kondisi baik. sesuai sih sama harga juga so overall very good lah ??,Positive,Happy,produknya baik dan kualitasny good banget. produk sampai ke konsumen dalam kondisi baik. sesuai sih sama harga juga so overall very good lah ??
Computers and Laptops,"kipas laptop cooling pad Ace cooling ergostand 15,6inch 1 fan",Jakarta Utara,80000,4.8,3982,1890,5,barang udah sampai ya gan dan berfungsi. terima kasih,Positive,Happy,barang udah sampai ya gan dan berfungsi. terima kasih
Computers and Laptops,CoolCold Laptop Vacuum Vacum Cooler Cooling Pad Hisap Panas Notebook,Kota Depok,55000,4.8,13900,6671,5,barang mantap sesuai deskripsi laptop jadi adem n sejuk,Positive,Happy,barang mantap sesuai deskripsi laptop jadi adem n sejuk
Computers and Laptops,CoolCold Laptop Vacuum Vacum Cooler Cooling Pad Hisap Panas Notebook,Kota Depok,55000,4.8,13900,6671,5,"produk saya terima dengan kondisi baik, terima kasih ^^",Positive,Happy,"produk saya terima dengan kondisi baik, terima kasih"
Computers and Laptops,CoolCold Laptop Vacuum Vacum Cooler Cooling Pad Hisap Panas Notebook,Kota Depok,55000,4.8,13900,6671,5,"belanja kedua kalinya, selalu puas. pengiriman lumayan cepat. overall bagus banget",Positive,Happy,"belanja kedua kalinya, selalu puas. pengiriman lumayan cepat. overall bagus banget"
Computers and Laptops,CoolCold Laptop Vacuum Vacum Cooler Cooling Pad Hisap Panas Notebook,Kota Depok,55000,4.8,13900,6671,5,"Kualitas barang bagus, harga relatif murah, kiriman super cepat, response penjual baik, recommended seller, bintang 5, terima kasih yah, semoga SUKSES usaha-nya, aamiin ??????.",Positive,Happy,"kualitas barang bagus, harga relatif murah, kiriman super cepat, response penjual baik, recommended seller, bintang 5, terima kasih yah, semoga sukses usahanya, aamiin ??????."
Computers and Laptops,Cooling Pad Gaming Ergostand Kipas Pendingin Laptop Big Fan Cooler Pad - KIPAS ERGOSTAND,Jakarta Barat,74900,4.7,3713,2153,5,mantab barang nya oke punya,Positive,Happy,mantab barang nya oke punya
Computers and Laptops,Cooler Master Notepal CMC3 Silent Fan Laptop Cooling Pad,Jakarta Barat,112000,4.9,5988,2969,5,"pengiriman cepat, packing rapi, kualitas mantap",Positive,Happy,"pengiriman cepat, packing rapi, kualitas mantap"
Computers and Laptops,Cooler Master Notepal CMC3 Silent Fan Laptop Cooling Pad,Jakarta Barat,112000,4.9,5988,2969,5,silent dan bagus untuk pekerjaan ringan,Positive,Happy,silent dan bagus untuk pekerjaan ringan
Computers and Laptops,Cooler Master Notepal CMC3 Silent Fan Laptop Cooling Pad,Jakarta Barat,112000,4.9,5988,2969,5,Barang cepat sampai. Kualitas bagus dan pengiriman aman tidak ada yang pecah. Manstapu ??????,Positive,Happy,barang cepat sampai. kualitas bagus dan pengiriman aman tidak ada yang pecah. manstapu ??????
Computers and Laptops,Cooler Master Notepal CMC3 Silent Fan Laptop Cooling Pad,Jakarta Barat,112000,4.9,5988,2969,5,"Bagus, berkualitas, sesuai gbr. Makasih Seller, Tokped dan Kurir",Positive,Happy,"bagus, berkualitas, sesuai gbr. makasih seller, tokped dan kurir"
Computers and Laptops,"cooling pad laptop tahan 24 jam 6.000 Rpm angin TOPAN - Gambar no 1, Bening",Kota Surabaya,385000,5.0,2716,1843,5,"mantap kipasnya kenceng, barangnya berkualitas sesuai sama harga",Positive,Happy,"mantap kipasnya kenceng, barangnya berkualitas sesuai sama harga"
Computers and Laptops,"cooling pad laptop tahan 24 jam 6.000 Rpm angin TOPAN - Gambar no 1, Bening",Kota Surabaya,385000,5.0,2716,1843,5,mantap proses pengerjaan dan pengiriman juga barang sesuai dengan deskripsi,Positive,Happy,mantap proses pengerjaan dan pengiriman juga barang sesuai dengan deskripsi
Computers and Laptops,"cooling pad laptop tahan 24 jam 6.000 Rpm angin TOPAN - Gambar no 1, Bening",Kota Surabaya,385000,5.0,2716,1843,5,"mantap kipasnya kenceng, barangnya berkualitas sesuai sama harga",Positive,Happy,"mantap kipasnya kenceng, barangnya berkualitas sesuai sama harga"
Computers and Laptops,"cooling pad laptop tahan 24 jam 6.000 Rpm angin TOPAN - Gambar no 1, Bening",Kota Surabaya,385000,5.0,2716,1843,5,Penjualnya Ramah Melayani Pembeli Dengan Sabar dan Memberikan Berbagai Saran Yang Pembeli Tidak Tahu ... Mantap Lah ??????,Positive,Happy,penjualnya ramah melayani pembeli dengan sabar dan memberikan berbagai saran yang pembeli tidak tahu ... mantap lah ??????
Computers and Laptops,"cooling pad laptop tahan 24 jam 6.000 Rpm angin TOPAN - Gambar no 1, Bening",Kota Surabaya,385000,5.0,2716,1843,5,"barang sampai dengan cepat, packingnya rapi dan amat sekali, tidak ada bagian acrylic yang pecah. berfungsi dengan baik. semoga awet.",Positive,Happy,"barang sampai dengan cepat, packingnya rapi dan amat sekali, tidak ada bagian acrylic yang pecah. berfungsi dengan baik. semoga awet."
Computers and Laptops,MacBook Skin Keyboard Protector TRANSPARANT BENING - A2141 A2289,Jakarta Utara,15000,4.9,690,338,5,Sangat presisi dan pas,Positive,Happy,sangat presisi dan pas
Computers and Laptops,MacBook Skin Keyboard Protector TRANSPARANT BENING - A2141 A2289,Jakarta Utara,15000,4.9,690,338,5,"Puas banget, seller helpfull, sangat responsif dan cepet banget sampai nya, recomended...",Positive,Happy,"puas banget, seller helpfull, sangat responsif dan cepet banget sampai nya, recomended..."
Computers and Laptops,MacBook Skin Keyboard Protector TRANSPARANT BENING - A2141 A2289,Jakarta Utara,15000,4.9,690,338,5,"Mantappp, responnya juga memuaskan. sudah dicoba dan dipasang presisi dan nyaman. CAs Juga responsif",Positive,Happy,"mantappp, responnya juga memuaskan. sudah dicoba dan dipasang presisi dan nyaman. cas juga responsif"
Computers and Laptops,"Logitech Bluetooth Keyboard K380 , K 380 , K-380 - Hitam",Jakarta Barat,365000,5.0,2554,1396,5,Mantap barangnya cepet sampai dan enak digunainnya!,Positive,Happy,mantap barangnya cepet sampai dan enak digunainnya!
Computers and Laptops,"Logitech Bluetooth Keyboard K380 , K 380 , K-380 - Hitam",Jakarta Barat,365000,5.0,2554,1396,5,"Barang bagus,oke, cepat pengirimannya juga",Positive,Happy,"barang bagus,oke, cepat pengirimannya juga"
Computers and Laptops,"Logitech Bluetooth Keyboard K380 , K 380 , K-380 - Hitam",Jakarta Barat,365000,5.0,2554,1396,5,"Pengiriman cepat, seller responsif ??",Positive,Happy,"pengiriman cepat, seller responsif ??"
Computers and Laptops,Wireless Keyboard i8 Mini TouchPad Mouse 2.4G Handheld PC Android TV,Jakarta Utara,53500,4.9,5449,2369,5,Barang berfungsi baik. Pemilik toko sangat responsif dan membantu saat ada sedikit kendala. Sukses tokonya ya gan ??????,Positive,Happy,barang berfungsi baik. pemilik toko sangat responsif dan membantu saat ada sedikit kendala. sukses tokonya ya gan ??????
Computers and Laptops,Wireless Keyboard i8 Mini TouchPad Mouse 2.4G Handheld PC Android TV,Jakarta Utara,53500,4.9,5449,2369,5,"seller luar biasa.. packing baik, pengiriman cepat, penting nya barang sesuai deskripsi dan berfungsi. terima kasih..",Positive,Happy,"seller luar biasa.. packing baik, pengiriman cepat, penting nya barang sesuai deskripsi dan berfungsi. terima kasih.."
Computers and Laptops,Logitech M191 Mouse Wireless Full Size - Mid Grey,Jakarta Timur,119000,4.9,9777,5546,1,Sangat kecewa. Baru 4 bulan scroll sudah rusak.,Negative,Sadness,sangat kecewa. baru 4 bulan scroll sudah rusak.
Computers and Laptops,Adaptor Charger OriginaL Laptop Asus X441 X441U X441UV X441UA X441S,Jakarta Barat,113777,4.9,1630,777,1,"jelek, yg pasti jauh dari ori. mousepad jd ga bs dipakai kl di charger, jd getar parah. barang ga sesui foto, kayak barang lapak sebelah yg harga 80rban. padahal sebelumnya pernah beli disini dan bagus,persis spt foto yg ada indikator di ujung charger. makanya order disini lg walaupun sedikit mahal ternyata barangnya tdk sama dgn order sebelumnya",Negative,Sadness,"jelek, yg pasti jauh dari ori. mousepad jd ga bs dipakai kl di charger, jd getar parah. barang ga sesui foto, kayak barang lapak sebelah yg harga 80rban. padahal sebelumnya pernah beli disini dan bagus,persis spt foto yg ada indikator di ujung charger. makanya order disini lg walaupun sedikit mahal ternyata barangnya tdk sama dgn order sebelumnya"
Computers and Laptops,Kabel Power Adaptor Charger Laptop 3 Lubang,Jakarta Pusat,25000,4.9,2122,828,1,gak bisa di pakai??,Negative,Sadness,gak bisa di pakai??
Computers and Laptops,Cooler Master Notepal CMC3 Silent Fan Laptop Cooling Pad,Jakarta Barat,112000,4.9,5988,2969,1,Kecewa parah nggk berkah jualan gitu,Negative,Sadness,kecewa parah nggk berkah jualan gitu
Computers and Laptops,"CASE MACBOOK Clear Bening AIR PRO RETINA TOUCHBAR 11 12 13 15 INCH - AIR 13 A1466, LOGO HOLE",Kota Bandung,90000,4.9,5182,2423,1,kecewa penjual ga tanggung jawab komplen berhari� gada solusi,Negative,Sadness,kecewa penjual ga tanggung jawab komplen berhari gada solusi
Computers and Laptops,"CASE MACBOOK Clear Bening AIR PRO RETINA TOUCHBAR 11 12 13 15 INCH - AIR 13 A1466, LOGO HOLE",Kota Bandung,90000,4.9,5182,2423,1,"pas beli nanya dulu tipe untuk macbook pro 13inch M1 yang mana di variasi nya, kata penjualnya yang �new pro 13�. pas dateng casing kekecilan karena salah tipe ternyata. dan penjual pake banyak alesan gamau tanggung jawab padahal yang salah ya yg ngejual. kecewa gamau lagi beli disini ga tanggung jawab.",Negative,Sadness,"pas beli nanya dulu tipe untuk macbook pro 13inch m1 yang mana di variasi nya, kata penjualnya yang new pro 13. pas dateng casing kekecilan karena salah tipe ternyata. dan penjual pake banyak alesan gamau tanggung jawab padahal yang salah ya yg ngejual. kecewa gamau lagi beli disini ga tanggung jawab."
Computers and Laptops,CASE MACBOOK Case MATTE BLACK AIR PRO RETINA TOUCHBAR 11 12 13 15 INCH - NEW AIR A2337M1,Kota Bandung,99000,4.9,1848,952,1,Barang sampai terlalu lama padahal masih dalam kota. Casing mudah lepas. Jujur mengecewakan.,Negative,Sadness,barang sampai terlalu lama padahal masih dalam kota. casing mudah lepas. jujur mengecewakan.
Computers and Laptops,Screen Guard (Protector) Anti Gores MacBook - A2141,Jakarta Utara,50000,4.8,2967,1191,1,"kecewa belanja di tempat kamu, lain di pesan lain dikirim ??????",Negative,Sadness,"kecewa belanja di tempat kamu, lain di pesan lain dikirim ??????"
Computers and Laptops,Screen Guard (Protector) Anti Gores MacBook - A2141,Jakarta Utara,50000,4.8,2967,1191,1,"Tidak ada tissue pembersih, atau alat bantuan lainnya untuk memasang. sangat kecewa",Negative,Sadness,"tidak ada tissue pembersih, atau alat bantuan lainnya untuk memasang. sangat kecewa"
Computers and Laptops,SanDisk Extreme Pro SDXC UHS-I Card 64GB 170MB/s,Jakarta Pusat,279000,5.0,3111,1456,1,"salah beli barang, tp toko tidak ada kompromi sama sekali. Padahal barang masih disegel, kecewa dehhh..",Negative,Sadness,"salah beli barang, tp toko tidak ada kompromi sama sekali. padahal barang masih disegel, kecewa dehhh.."
Computers and Laptops,SanDisk Extreme SDHC UHS-I Card 32GB,Jakarta Pusat,119000,5.0,2215,1010,1,Data sering error dan hilang ??,Negative,Sadness,data sering error dan hilang ??
Computers and Laptops,Logitech MK275 Wireless Keyboard Mouse Combo,Jakarta Timur,200000,4.9,3225,1528,1,"kecewa sama toko official ini ga tau kenapa pesenan pertama ga dikonfirmasi sampe di batalin sistem karena ga direspon sama sekali. pesanan kedua karena disuruh pesan lagi sama tokonya dan cuma dikonfirmasi doang ga dikirim sampe udah tinggal 10 menit sebelum dibatalin sistem lagi tapi untungnya gara chat cs tokopedia akhirnya barang bakalan dikirim didetik terakhir. ga cuma sampe situ aja payahnya barang baru diambil kurir tanggal 5 dan pickup barang sama kurir lebih dari 2 hari, proses kirim pun lemot muter padahal udah lewat depan rumah baru tanggal 9 jam 9 malem paketnya sampe??",Negative,Sadness,"kecewa sama toko official ini ga tau kenapa pesenan pertama ga dikonfirmasi sampe di batalin sistem karena ga direspon sama sekali. pesanan kedua karena disuruh pesan lagi sama tokonya dan cuma dikonfirmasi doang ga dikirim sampe udah tinggal 10 menit sebelum dibatalin sistem lagi tapi untungnya gara chat cs tokopedia akhirnya barang bakalan dikirim didetik terakhir. ga cuma sampe situ aja payahnya barang baru diambil kurir tanggal 5 dan pickup barang sama kurir lebih dari 2 hari, proses kirim pun lemot muter padahal udah lewat depan rumah baru tanggal 9 jam 9 malem paketnya sampe??"
Computers and Laptops,Xiaomi Xiaovv Webcam 1080P USB Camera Full HD with Mic Webcast Live,Jakarta Barat,188000,4.9,3451,1651,1,"Packing seadanya, bubble hanya selapis saja ditambah lapisan plastik, hasilnya barang diterima dalam keadaan patah.",Negative,Sadness,"packing seadanya, bubble hanya selapis saja ditambah lapisan plastik, hasilnya barang diterima dalam keadaan patah."
Computers and Laptops,Xiaomi Xiaovv Webcam 1080P USB Camera Full HD with Mic Webcast Live,Jakarta Barat,188000,4.9,3451,1651,1,Mic dari awal ga nyala,Negative,Sadness,mic dari awal ga nyala
Computers and Laptops,SanDisk Ultra MicroSD 32GB A1 microSDHC UHS-I micro sd - No Adapter,Jakarta Pusat,75900,4.9,6754,3507,1,"KARTU SD NYA CUMA 29,71 GB, KATANYA OFFICIAL, TAPI MALAH MKSOFFICIAL. KECEWA, INI TIDAK ORIGINAL.",Negative,Sadness,"kartu sd nya cuma 29,71 gb, katanya official, tapi malah mksofficial. kecewa, ini tidak original."
Computers and Laptops,SSD 128GB RX7 GARANSI RESMI 3THN,Kota Tangerang,210000,5.0,15400,3486,1,Kecepatan tdk sesuai dgn deskripsi,Negative,Sadness,kecepatan tdk sesuai dgn deskripsi
Computers and Laptops,Mouse Wireless Komic KM-803 - 1200DPI Nano USB Free Battery - Hijau,Jakarta Utara,90000,4.8,4563,1811,1,tidak berfugsi,Negative,Sadness,tidak berfugsi
Computers and Laptops,Mouse Wireless Komic KM-803 - 1200DPI Nano USB Free Battery - Hijau,Jakarta Utara,90000,4.8,4563,1811,1,"Mouse kurang bagus , Pointer nya gerak gerak sendiri .",Negative,Sadness,"mouse kurang bagus , pointer nya gerak gerak sendiri ."
Computers and Laptops,Mouse Wireless Komic KM-803 - 1200DPI Nano USB Free Battery - Hijau,Jakarta Utara,90000,4.8,4563,1811,1,infra red nya jelek suka mental ke mana2,Negative,Sadness,infra red nya jelek suka mental ke mana2
Computers and Laptops,Mouse Wireless Komic KM-803 - 1200DPI Nano USB Free Battery - Hijau,Jakarta Utara,90000,4.8,4563,1811,1,Batre tidak sesuai ukuran dan tidak ada nano receiver.,Negative,Sadness,batre tidak sesuai ukuran dan tidak ada nano receiver.
Computers and Laptops,Mouse Wireless Komic KM-803 - 1200DPI Nano USB Free Battery - Hijau,Jakarta Utara,90000,4.8,4563,1811,1,boros batre,Negative,Sadness,boros batre
Computers and Laptops,HTB-3100 25km single fiber mode transceiver Optical Media Converter,Jakarta Utara,150000,4.9,5384,634,1,barang error 1,Negative,Sadness,barang error 1
Computers and Laptops,Telkomsel Orbit Star 2,Kota Tangerang,629000,4.8,5998,3441,1,"jaringanya ngelek banget lelet mending pake indihome de, nyesel juga beli orbit jaringan ya parah,",Negative,Sadness,"jaringanya ngelek banget lelet mending pake indihome de, nyesel juga beli orbit jaringan ya parah,"
Computers and Laptops,Telkomsel Orbit Star 2,Kota Tangerang,629000,4.8,5998,3441,1,tdk sesuai ekspektasi,Negative,Sadness,tdk sesuai ekspektasi
Computers and Laptops,Telkomsel Orbit Star 2,Kota Tangerang,629000,4.8,5998,3441,1,lambat,Negative,Sadness,lambat
Computers and Laptops,Telkomsel Orbit Star 2,Kota Tangerang,629000,4.8,5998,3441,1,Katanya dapat paket 150 GB ternyata setelah di regiatrasi cm 300 mB..,Negative,Sadness,katanya dapat paket 150 gb ternyata setelah di regiatrasi cm 300 mb..
Computers and Laptops,Telkomsel Orbit Star 2,Kota Tangerang,629000,4.8,5998,3441,1,"tidak bisa di register call center Dan team orbin tidak helpful, untuk sekedar minta info gerai orbin yang buka Dan no Telp suruh cari di google bukannya tidak mau Cari rata2 nomor telp tidak bisa di hubungin jadi apa salahnya memberikan info yang valid menyesal Saya beli orbit call center Dan team orbin tidak helpful, untuk sekedar minta info gerai orbin yang buka Dan no Telp suruh cari di google bukannya tidak mau Cari rata2 nomor telp tidak bisa di hubungin jadi apa salahnya memberikan info yang valid menyesal Saya beli orbit",Negative,Sadness,"tidak bisa di register call center dan team orbin tidak helpful, untuk sekedar minta info gerai orbin yang buka dan no telp suruh cari di google bukannya tidak mau cari rata2 nomor telp tidak bisa di hubungin jadi apa salahnya memberikan info yang valid menyesal saya beli orbit call center dan team orbin tidak helpful, untuk sekedar minta info gerai orbin yang buka dan no telp suruh cari di google bukannya tidak mau cari rata2 nomor telp tidak bisa di hubungin jadi apa salahnya memberikan info yang valid menyesal saya beli orbit"
Computers and Laptops,Telkomsel Orbit Star 2,Kota Tangerang,629000,4.8,5998,3441,1,Tidak sesuai,Negative,Sadness,tidak sesuai
Computers and Laptops,SSD 256GB RX7 SATA,Kota Tangerang,370000,5.0,6449,2425,1,"janji bisa kirim instant segera karena kita mau pakai segera, nyatanya anda tutup toko baru di kirim. paket sampai malam. pas besoknya di coba ternyata SSD nya tidak terbaca. dan bilangnya kirim ke toko agarnbisa di kirim lagi segera yang baru. sama2 di Tangerang ongkos gojek instant 33rb berarti dekat. dan tidak di kirim2 sampaiiii 2 minggu baru di kirim. sangat terlihat sengaja sekali di lama2in. sangat tidak professional dalam berjualan online , anda jual barang rusak pun tidak ada etikat ucapan maaf. dan sebagai penutup yang saya anggap licik dan pelit sekali ongkir nya di suruh kita yang tanggung pas barang sampai. kalau di lihat begini mah lupakan garansi produk yg bakal di ganti baru bila terjadi rusak di kemudian hari...",Negative,Sadness,"janji bisa kirim instant segera karena kita mau pakai segera, nyatanya anda tutup toko baru di kirim. paket sampai malam. pas besoknya di coba ternyata ssd nya tidak terbaca. dan bilangnya kirim ke toko agarnbisa di kirim lagi segera yang baru. sama2 di tangerang ongkos gojek instant 33rb berarti dekat. dan tidak di kirim2 sampaiiii 2 minggu baru di kirim. sangat terlihat sengaja sekali di lama2in. sangat tidak professional dalam berjualan online , anda jual barang rusak pun tidak ada etikat ucapan maaf. dan sebagai penutup yang saya anggap licik dan pelit sekali ongkir nya di suruh kita yang tanggung pas barang sampai. kalau di lihat begini mah lupakan garansi produk yg bakal di ganti baru bila terjadi rusak di kemudian hari..."
Computers and Laptops,SSD 256GB RX7 SATA,Kota Tangerang,370000,5.0,6449,2425,1,"beli 2 SSD, 1 diterima dalam kondisi rusak",Negative,Sadness,"beli 2 ssd, 1 diterima dalam kondisi rusak"
Computers and Laptops,"Usb HUB Vention 4 Port Usb 3.0 2.0 High Speed Power Adapter OTG - CHL 3.0, 0.15m",Jakarta Barat,112000,4.9,14900,7957,1,"tidak berfungsi, tapi yaa sudahlah sudah ditambah daya pakai mikro usb cas hp tetap tidak bisa",Negative,Sadness,"tidak berfungsi, tapi yaa sudahlah sudah ditambah daya pakai mikro usb cas hp tetap tidak bisa"
Computers and Laptops,"Usb HUB Vention 4 Port Usb 3.0 2.0 High Speed Power Adapter OTG - CHL 3.0, 0.15m",Jakarta Barat,112000,4.9,14900,7957,1,kurang bagus... colok hardisk external tdk terdeteksi..,Negative,Sadness,kurang bagus... colok hardisk external tdk terdeteksi..
Computers and Laptops,"Usb HUB Vention 4 Port Usb 3.0 2.0 High Speed Power Adapter OTG - CHL 3.0, 0.15m",Jakarta Barat,112000,4.9,14900,7957,1,"tidak berfungsi, tapi yaa sudahlah sudah ditambah daya pakai mikro usb cas hp tetap tidak bisa",Negative,Sadness,"tidak berfungsi, tapi yaa sudahlah sudah ditambah daya pakai mikro usb cas hp tetap tidak bisa"
Computers and Laptops,Mini Keyboard Wireless i8 2.4G Handheld Keyboard For PC Android TV Box,Jakarta Utara,56000,4.8,18300,5431,1,"Produk kurang baik, dan rusak",Negative,Sadness,"produk kurang baik, dan rusak"
Computers and Laptops,"Logitech C920 Webcam PRO Full HD 1080p Autofocus, Noise-Cancelling",Jakarta Timur,1199000,4.9,10900,4760,1,"untuk kualitas ternyata sama dengan merk China lain 1080p juga yang harga nya 300rb an, bahkan lebih bagus merk lain di 600rb an. lalu untuk pengiriman lambat sekali dari official store, pesan tgl 27, sampai tgl 1, sehingga saya tdk sempat menggunakan pada zoom meeting dan harus memakai hp. cukup kecewa dengan produk dan pelayanan Logitech. kalau utk keyboard nya dan mouse nya emang cukup bagus bbrp model nya, tapi sy kapok beli disini karena barang akan hanya di proses bbrp jam sblm pembatalan walaupun pesan nya di hari biasa.",Negative,Sadness,"untuk kualitas ternyata sama dengan merk china lain 1080p juga yang harga nya 300rb an, bahkan lebih bagus merk lain di 600rb an. lalu untuk pengiriman lambat sekali dari official store, pesan tgl 27, sampai tgl 1, sehingga saya tdk sempat menggunakan pada zoom meeting dan harus memakai hp. cukup kecewa dengan produk dan pelayanan logitech. kalau utk keyboard nya dan mouse nya emang cukup bagus bbrp model nya, tapi sy kapok beli disini karena barang akan hanya di proses bbrp jam sblm pembatalan walaupun pesan nya di hari biasa."
Computers and Laptops,"Logitech C920 Webcam PRO Full HD 1080p Autofocus, Noise-Cancelling",Jakarta Timur,1199000,4.9,10900,4760,1,"pengiriman 2 hari terlambat. padahal bilang bakal lgsg dikirim. habis order di chat lgsg ga respon. utk official store brand segede logitech, sungguh mengecewakan.",Negative,Sadness,"pengiriman 2 hari terlambat. padahal bilang bakal lgsg dikirim. habis order di chat lgsg ga respon. utk official store brand segede logitech, sungguh mengecewakan."
Computers and Laptops,Rexus Q20 Mouse Wireless Office Silent Click - Hitam,Jakarta Barat,50000,4.9,1790,848,1,mousenya kurang responsif. jd harus teken agak kuat,Negative,Sadness,mousenya kurang responsif. jd harus teken agak kuat
Computers and Laptops,Rexus Q20 Mouse Wireless Office Silent Click - Hitam,Jakarta Barat,50000,4.9,1790,848,1,baru pake 2 bulan sensornya udah jelek suka kemana2,Negative,Sadness,baru pake 2 bulan sensornya udah jelek suka kemana2
Computers and Laptops,Logitech M191 Mouse Wireless Full Size - Mid Grey,Jakarta Timur,299000,4.9,9798,5559,1,Sangat kecewa. Baru 4 bulan scroll sudah rusak.,Negative,Sadness,sangat kecewa. baru 4 bulan scroll sudah rusak.
Computers and Laptops,Logitech M191 Mouse Wireless Full Size - Mid Grey,Jakarta Timur,299000,4.9,9798,5559,1,"belom 1 bulan udah gak nyala, baterai udah diganti tetap saja gak nyala. kecewa, udah 2x di kerjain logitech",Negative,Sadness,"belom 1 bulan udah gak nyala, baterai udah diganti tetap saja gak nyala. kecewa, udah 2x di kerjain logitech"
Computers and Laptops,Charger Adaptor MacBook Pro 2008 2009 2010 2011 2012 Magsafe 1 60W ORI,Jakarta Pusat,230000,4.9,1408,721,1,"Sangat mengecewakan, barang yg dikirim tidak sesuai konfirmasi, sampai harus bolak-balik 2 kali, saya harus nanggung 6 X ongkos kirim....SANGAT MENGECEWAKAN",Negative,Anger,"sangat mengecewakan, barang yg dikirim tidak sesuai konfirmasi, sampai harus bolakbalik 2 kali, saya harus nanggung 6 x ongkos kirim....sangat mengecewakan"
Computers and Laptops,Adaptor Charger Laptop Asus A455LA A455LD A455LB A455 A455L Original,Jakarta Utara,66000,4.8,2702,882,1,"Kualitas chargeran jelek bangettt, baru tiga Hari pakai sudah rusakk",Negative,Anger,"kualitas chargeran jelek bangettt, baru tiga hari pakai sudah rusakk"
Computers and Laptops,Charger Adaptor Laptop Acer Aspire E14 E5-421 E5-431 E5-471 E5-475G,Jakarta Pusat,55000,4.9,2010,970,1,"Pelayanan toko jelek, proses barang lambat, di chat tidak menjawab, barang rata-rata",Negative,Anger,"pelayanan toko jelek, proses barang lambat, di chat tidak menjawab, barang ratarata"
Computers and Laptops,CoolCold Laptop Vacuum Vacum Cooler Cooling Pad Hisap Panas Notebook,Kota Depok,55000,4.8,13900,6671,1,"Barang Rusak , Ga Guna Sama Sekali ... Parah",Negative,Anger,"barang rusak , ga guna sama sekali ... parah"
Computers and Laptops,Logitech MK275 Wireless Keyboard Mouse Combo,Jakarta Timur,200000,4.9,3225,1528,3,"cepet rusak, kadang konek kadang engga",Negative,Anger,"cepet rusak, kadang konek kadang engga"
Computers and Laptops,Logitech G102 Lightsync Gaming Mouse [FS] - Hitam,Jakarta Pusat,379000,4.9,3185,1829,3,"barang gajelas lama sampai, kotak penyok�",Negative,Anger,"barang gajelas lama sampai, kotak penyok"
Computers and Laptops,SanDisk Ultra MicroSD 32GB A1 microSDHC UHS-I micro sd - No Adapter,Jakarta Pusat,75900,4.9,6754,3507,1,"SETELAH DICEK TIDAK UTUH 32GB. KOK BISA YA???!!.. KEMANA SISA 3GB NYA MAS/MBA???KRN LAGI BUTUH, YAUDAHLAH CUKUP TAU BELI DISINI. PERTAMA DAN TERAKHIR BELI DISINI.",Negative,Anger,"setelah dicek tidak utuh 32gb. kok bisa ya???!!.. kemana sisa 3gb nya masmba???krn lagi butuh, yaudahlah cukup tau beli disini. pertama dan terakhir beli disini."
Computers and Laptops,SanDisk Ultra MicroSD 32GB A1 microSDHC UHS-I micro sd - No Adapter,Jakarta Pusat,75900,4.9,6754,3507,1,Pesanan Saya TIDAK SAMPAI KE ALAMAT!!! SAYA MAU UANG SAYA KEMBALI!! SAYA BELUM MENERIMA PESANAN SAYA,Negative,Anger,pesanan saya tidak sampai ke alamat!!! saya mau uang saya kembali!! saya belum menerima pesanan saya
Computers and Laptops,Thermal Grizzly Kryonaut Thermal Paste 1 Gram cooler ORIGINAL - KEMASAN BARU,Jakarta Selatan,85000,4.9,7834,4099,1,beli kemasan baru di kirim kemasan lama ! BINTANG 1 KON%TL,Negative,Anger,beli kemasan baru di kirim kemasan lama ! bintang 1 kontl
Computers and Laptops,Thermal Grizzly Kryonaut Thermal Paste 1 Gram cooler ORIGINAL - KEMASAN BARU,Jakarta Selatan,85000,4.9,7834,4099,1,"ANJING TERNYATA PALSU INI BARANG BANGSAT2 AWAS KETIPU OI, YANG ASLI ADA SEGEL DISTRIBUTOR NYA",Negative,Anger,"anjing ternyata palsu ini barang bangsat2 awas ketipu oi, yang asli ada segel distributor nya"
Computers and Laptops,Thermal Grizzly Kryonaut Thermal Paste 1 Gram cooler ORIGINAL - KEMASAN BARU,Jakarta Selatan,85000,4.9,7834,4099,1,BARANG KW JANGAN BELI DISINI,Negative,Anger,barang kw jangan beli disini
Computers and Laptops,Mouse Wireless Komic KM-803 - 1200DPI Nano USB Free Battery - Hijau,Jakarta Utara,90000,4.8,4563,1811,1,buruk,Negative,Anger,buruk
Computers and Laptops,SanDisk Cruzer Blade 16GB CZ50 Flashdisk,Jakarta Pusat,82500,4.9,35900,6630,1,barang bosok! sekali Pake rusak.. mau claim dijawab berbelit ama adminnya,Negative,Anger,barang bosok! sekali pake rusak.. mau claim dijawab berbelit ama adminnya
Computers and Laptops,Telkomsel Orbit Star 2,Kota Tangerang,629000,4.8,5998,3441,1,"Chat tidak di balas, Kuota yang di janjikan 50gb nya tidak masuk, hancur la Parah parah",Negative,Anger,"chat tidak di balas, kuota yang di janjikan 50gb nya tidak masuk, hancur la parah parah"
Computers and Laptops,Xiaomi Mi Wifi Wireless Extender Pro Repeater Amplifier R03 Original,Jakarta Barat,129000,4.9,13300,5723,1,GA DIKASIH ADAPTOR GEPENG NYA. KETIPU SAYA,Negative,Anger,ga dikasih adaptor gepeng nya. ketipu saya
Computers and Laptops,"Usb HUB Vention 4 Port Usb 3.0 2.0 High Speed Power Adapter OTG - CHL 3.0, 0.15m",Jakarta Barat,112000,4.9,14900,7957,1,jir sehari pake udah rusak :( quality control dong yg bener ahelah,Negative,Anger,jir sehari pake udah rusak quality control dong yg bener ahelah
Computers and Laptops,SSD 256GB RX7 SATA,Kota Tangerang,370000,5.0,6449,2425,1,"Ini gmn, ssd nya gak bisa di pake.... Sy minta ganti...",Negative,Anger,"ini gmn, ssd nya gak bisa di pake.... sy minta ganti..."
Computers and Laptops,"Logitech C920 Webcam PRO Full HD 1080p Autofocus, Noise-Cancelling",Jakarta Timur,1199000,4.9,10900,4760,1,"beli mahal2, malah sering tiba2 ngeblur kalau dipakai zoom. terus menghubungi CS nya, suruh klaim garansi aja, minta alamat ga dikasih2. hadeuhh, webcam 1 jutaan kualitas sampah.",Negative,Anger,"beli mahal2, malah sering tiba2 ngeblur kalau dipakai zoom. terus menghubungi cs nya, suruh klaim garansi aja, minta alamat ga dikasih2. hadeuhh, webcam 1 jutaan kualitas sampah."
Computers and Laptops,Vention High Speed USB 3.0 Hub for Windows Mac Linux - CHK 0.15 Meter,Jakarta Barat,119500,4.9,10200,5373,1,tidak sesuai gambar.... Janggan percaya ama Seller ini penipu..... kualitas jelek.....,Negative,Anger,tidak sesuai gambar.... janggan percaya ama seller ini penipu..... kualitas jelek.....
Computers and Laptops,Laptop Stand Holder Lipat Adjustable Anti Slip Portable Untuk Laptop,Kab. Tangerang,69900,4.3,5108,2852,1,"tolong pengiriman punya rasa tanggung jawab, ini paket habis berenang di comberan mana dan gak yakin isinya apakah masih bisa di pakai atau masuk bak sampah",Negative,Anger,"tolong pengiriman punya rasa tanggung jawab, ini paket habis berenang di comberan mana dan gak yakin isinya apakah masih bisa di pakai atau masuk bak sampah"
Computers and Laptops,Rexus GX2 Gladius Pro Gaming Gamepad - Joystick / Stick - Hitam,Jakarta Barat,149000,4.9,2022,1193,1,l2 r2 trigger nya ampas macam ***,Negative,Anger,l2 r2 trigger nya ampas macam
Computers and Laptops,"Samsung MicroSD Evo Plus 32GB 64GB 128GB 256GB 512GB 1TB Memory card - 64 gb, MicroSD Only",Jakarta Pusat,121000,4.9,9298,5206,1,jelek,Negative,Anger,jelek
Computers and Laptops,"SPC Monitor Komputer LED 19 inch HD, Garansi Resmi",Jakarta Barat,1509000,4.9,2487,943,1,"Barang SAMPAH ini tidak seharusnya dikirimkan ke alamat saya, akan tetapi di TONG SAMPAH. Sangat MENGECEWAKAN, admin TIDAK MERESPON SAMA SEKALI CHAT SAYA. lihat barang yg dikirimkan, ada dead pixel, LALU LAYAR MONITORNYA KEBALIK. SANGAT MENGECEWAKAN. catatan buat teman-teman yg ingin beli, monitor ini tidak ada audio/speakernya, kualitas layar juga kurang baik. Jika ada rejeki lebih, belilah dengan merek yg bagus. SAYA SANGAT MENYESAL BELANJA DI SINI. SAYA TIDAK MEREKOMENDASIKAN BELANJA DISINI.",Negative,Anger,"barang sampah ini tidak seharusnya dikirimkan ke alamat saya, akan tetapi di tong sampah. sangat mengecewakan, admin tidak merespon sama sekali chat saya. lihat barang yg dikirimkan, ada dead pixel, lalu layar monitornya kebalik. sangat mengecewakan. catatan buat temanteman yg ingin beli, monitor ini tidak ada audiospeakernya, kualitas layar juga kurang baik. jika ada rejeki lebih, belilah dengan merek yg bagus. saya sangat menyesal belanja di sini. saya tidak merekomendasikan belanja disini."
Computers and Laptops,Prolink PRT7011L Portable 4G LTE Modem WiFi Mifi Hotspot - Plus PTC21801,Jakarta Utara,1040000,4.9,444,251,1,"TidAk jujur dan kelihatan kalau memaksakan barang terjual. Barang dikirim tidak sesuai pesanan. Dan akhirnya pembeli disuruh mengirim barang yg tidak ada solusi barang ada atau tidak, dengan resiko barang yg di foto/ ditawarkan memang sebenarnya mungkin tidak ada.",Negative,Anger,"tidak jujur dan kelihatan kalau memaksakan barang terjual. barang dikirim tidak sesuai pesanan. dan akhirnya pembeli disuruh mengirim barang yg tidak ada solusi barang ada atau tidak, dengan resiko barang yg di foto ditawarkan memang sebenarnya mungkin tidak ada."
Computers and Laptops,Logitech G304 Lightspeed Mouse Gaming Wireless Sensor 12K DPI - Hitam,Jakarta Timur,699000,5.0,8059,4581,1,"Beli tgl 9. Pesanan Selesai tgl 12 dan....mouse rusak tgl 13 gak bisa komplain dari toped lagi. admin ditanyain gmna cara klaim garansi SANGAT TIDAK MEMBANTU, chat hari ini bales besok.da dibales gk di jawab2 lagi",Negative,Anger,"beli tgl 9. pesanan selesai tgl 12 dan....mouse rusak tgl 13 gak bisa komplain dari toped lagi. admin ditanyain gmna cara klaim garansi sangat tidak membantu, chat hari ini bales besok.da dibales gk di jawab2 lagi"
Computers and Laptops,Digital Aliance Keyboard Gaming Meca Warrior X RGB - Hitam,Jakarta Pusat,499000,4.9,2200,1358,1,"GUA BELI DAPETNYA V2, DI DESC GADA PENJELASAN MENGENAI VERSI, BAGUSAN V1 APALAGI RGBNYA RGB V2 BENER BENER CUMA RED GREEN BLUE SISA WARNANYA GAGUNA SWITCH PULLER GADAPET RGB REDUP PULA NGGA ADA PEMBERITAHUAN MENGENAI VERSI KEYBOARDNYA BENER2 KECEWA KAPOK BELI DA Ambil ae v*rt*x v7 tuh bagus drpd ini kecewa mau gua jual lagi pokoknya",Negative,Anger,"gua beli dapetnya v2, di desc gada penjelasan mengenai versi, bagusan v1 apalagi rgbnya rgb v2 bener bener cuma red green blue sisa warnanya gaguna switch puller gadapet rgb redup pula ngga ada pemberitahuan mengenai versi keyboardnya bener2 kecewa kapok beli da ambil ae vrtx v7 tuh bagus drpd ini kecewa mau gua jual lagi pokoknya"
Computers and Laptops,Mouse Gaming/ Gaming Mouse Terlaris HP M160 - USB 1000DPI RGB 3 Button - Putih,Jakarta Pusat,140000,4.9,4074,2249,1,"Belanja dari Official Store, kondisi barang diterima seperti sampah dan barang rongsokan. Terima kasih.",Negative,Anger,"belanja dari official store, kondisi barang diterima seperti sampah dan barang rongsokan. terima kasih."
Computers and Laptops,Rexus Mouse Wireless Gaming Avenger 110 - Perak,Jakarta Pusat,89000,4.8,2281,1289,1,Ngaco banget pesen mouse tapi gak lengkap. Gak ada penutup batre sama bluetoothnya,Negative,Anger,ngaco banget pesen mouse tapi gak lengkap. gak ada penutup batre sama bluetoothnya
Computers and Laptops,Mouse Gaming HP M150 - 1600DPI USB Wired Macro Programmable - Hitam,Jakarta Utara,89000,4.9,293,124,1,Barang emang harga aslinya sekitar 55 an tapi seller sok sok an bikin diskon yg dari 99rb di diskon 59rb.Olshop emang keras,Negative,Anger,barang emang harga aslinya sekitar 55 an tapi seller sok sok an bikin diskon yg dari 99rb di diskon 59rb.olshop emang keras
Computers and Laptops,RAM KINGSTON HYPERX FURY GAMING DDR3 8GB 1600MHz 12800 RAM PC DDR3 8GB,Jakarta Selatan,345000,4.9,8233,2821,1,"salah beli gabisa dituker, pas di coba ternyata gabisa pas ditanya ini klaim garansi gimana yang bales malah bot. tai",Negative,Anger,"salah beli gabisa dituker, pas di coba ternyata gabisa pas ditanya ini klaim garansi gimana yang bales malah bot. tai"
Computers and Laptops,KUKE KLS-808 Meja Lipat Laptop /Meja laptop lipat/Oxy Folding Table - Hitam,Jakarta Barat,129999,4.8,4330,2096,1,"sangat tidak puas, baik produknya dan pelayanannya, barang cacat, pada kondisi tertutup saya, mejanya tidak bisa menutup rapat, itu dikarenakan pemasangan engselnya tidak sejajar (1 tinggi, 1 pendek, ini yg menyebabkan listnya sobek, krn dipaksa saat menutup daun mejanya. jadi fix nya ini cacat pabrik bukan masalah pengiriman. dan ternyata komplain ga diterima oleh toko penjual, suruh hubungi sendiri ke kurirnya.",Negative,Anger,"sangat tidak puas, baik produknya dan pelayanannya, barang cacat, pada kondisi tertutup saya, mejanya tidak bisa menutup rapat, itu dikarenakan pemasangan engselnya tidak sejajar 1 tinggi, 1 pendek, ini yg menyebabkan listnya sobek, krn dipaksa saat menutup daun mejanya. jadi fix nya ini cacat pabrik bukan masalah pengiriman. dan ternyata komplain ga diterima oleh toko penjual, suruh hubungi sendiri ke kurirnya."
Computers and Laptops,KUKE KLS-808 Meja Lipat Laptop /Meja laptop lipat/Oxy Folding Table - Hitam,Jakarta Barat,129999,4.8,4330,2096,1,Quality barang jelek. baut lepas terus,Negative,Anger,quality barang jelek. baut lepas terus
Computers and Laptops,"RB - C78 Meja Laptop Lipat Portable Meja Belajar Anak Multifungsi Anti - POLOS, 03",Kab. Tangerang,39998,4.7,5936,2344,1,BANYAKK RUSAKK DAN LECET NYAAAA !!!!,Negative,Anger,banyakk rusakk dan lecet nyaaaa !!!!
Computers and Laptops,USAMS Memory Card MicroSD CLASS 10 4gb 8gb 16gb 32gb 64gb - 4 gb,Kota Tangerang,45000,4.9,1271,449,1,"barang pesan 2 yang dateng 1 bayar harga 2 yg dateng 1 makasih ... ga ush dibuktikan ,cek aja pengeluaran barang nya -baru cek pembeli jgn pembeli yang ditanya2 unboxing ga terlalu penting abis2in quota",Negative,Anger,"barang pesan 2 yang dateng 1 bayar harga 2 yg dateng 1 makasih ... ga ush dibuktikan ,cek aja pengeluaran barang nya baru cek pembeli jgn pembeli yang ditanya2 unboxing ga terlalu penting abis2in quota"
Computers and Laptops,Mini Keyboard Wireless i8 2.4G Handheld Keyboard untuk smart tv TV Box - TANPA BUBBLE,Jakarta Barat,51000,4.7,793,280,1,"keyboard tdk nyala sama sekali padahal baterai baru dicoba beberapa kali tdk bisa ,memang lebih murah dari toko lain ,barang tdk bisa sama saja bohong",Negative,Anger,"keyboard tdk nyala sama sekali padahal baterai baru dicoba beberapa kali tdk bisa ,memang lebih murah dari toko lain ,barang tdk bisa sama saja bohong"
Computers and Laptops,Mini Keyboard Wireless i8 2.4G Handheld Keyboard untuk smart tv TV Box - TANPA BUBBLE,Jakarta Barat,51000,4.7,793,280,1,barang rusak di kirim,Negative,Anger,barang rusak di kirim
Computers and Laptops,"AONEZ Meja komputer lipat multifungsi, meja komputer portabel - B",Kab.�Bekasi,300000,4.8,729,429,1,"Gak bener nih, harusnya yang dateng tuh meja utuh, malah baut2 gak terpasang, dan baut2nya kecil banget... mau dilem ?? ngaco nih ****** !",Negative,Anger,"gak bener nih, harusnya yang dateng tuh meja utuh, malah baut2 gak terpasang, dan baut2nya kecil banget... mau dilem ?? ngaco nih !"
Computers and Laptops,Razer Hammerhead Pro V2,Jakarta Barat,975000,4.9,6179,4182,1,driver ngaco bukan tokonya. barang ok. itu smart namanya bengak. gua kasih puas komen jg lu. bintang satunya buat driver. *****,Negative,Anger,driver ngaco bukan tokonya. barang ok. itu smart namanya bengak. gua kasih puas komen jg lu. bintang satunya buat driver.
Computers and Laptops,Windows 10 Pro Original Lisensi - INVOICE,Kota Bekasi,18000,4.9,11000,4765,1,kecewa lah.gk ada penyelesaian.di chat kg di bls di wa kg di bls. lari gitu aj sampah.,Negative,Anger,kecewa lah.gk ada penyelesaian.di chat kg di bls di wa kg di bls. lari gitu aj sampah.
Computers and Laptops,"Logitech C920 Webcam PRO Full HD 1080p Autofocus, Noise-Cancelling",Jakarta Timur,999000,4.9,10900,4755,1,"Barang dikirim salah, pesan webcam logitech di logitech official kok bs dikirimmya headphone JBL! Dan penukaran barang butuh 4hari kerja! Sungguh lama",Negative,Anger,"barang dikirim salah, pesan webcam logitech di logitech official kok bs dikirimmya headphone jbl! dan penukaran barang butuh 4hari kerja! sungguh lama"
Computers and Laptops,[FS] Logitech MK275 Wireless Keyboard Mouse Combo,Jakarta Timur,200000,4.9,3186,1525,5,Bagus banget keyboardnya. Packing sangat aman karena double kardus. Warna juga keren.,Positive,Love,bagus banget keyboardnya. packing sangat aman karena double kardus. warna juga keren.
Computers and Laptops,Samoon Ace USB Cooling pad / Coolpad / Cooler / Kipas Pendingin Laptop,Kota Malang,46000,4.7,1311,500,5,"AAAA BAGUS BANGET PENGIRIMANNYA CEPATT DAN AMAN JUGA PACKAGING NYA, BISA NYALA JUGA TDI UDH DICOBA,, BELI DGN HARGA RP0 SENENGGGBANGETT",Positive,Love,"aaaa bagus banget pengirimannya cepatt dan aman juga packaging nya, bisa nyala juga tdi udh dicoba,, beli dgn harga rp0 senengggbangett"
Computers and Laptops,Charger Adaptor MacBook Pro 2008 2009 2010 2011 2012 Magsafe 1 60W ORI,Jakarta Pusat,230000,4.9,1408,721,5,"Terima Kasihh Boss, Mantappss.. Smoga Lancarr n Berkah Rezekinya..Smngttt Boss ??????",Positive,Love,"terima kasihh boss, mantappss.. smoga lancarr n berkah rezekinya..smngttt boss ??????"
Computers and Laptops,"cooling pad laptop tahan 24 jam 6.000 Rpm angin TOPAN - Gambar no 1, Bening",Kota Surabaya,385000,5.0,2716,1843,5,barangnya buwaguusss.... sesuai pesanan.... angin nya kencang... seperti angin puting beliung.... laptop ademmmm benerrr,Positive,Love,barangnya buwaguusss.... sesuai pesanan.... angin nya kencang... seperti angin puting beliung.... laptop ademmmm benerrr
Computers and Laptops,Xiaomi Xiaovv Webcam 1080P USB Camera Full HD with Mic Webcast Live,Jakarta Barat,188000,4.9,3451,1651,5,"mantap bgt, kualitas beneran sama kaya webcam sejutaan",Positive,Love,"mantap bgt, kualitas beneran sama kaya webcam sejutaan"
Computers and Laptops,Xiaomi Xiaovv Webcam 1080P USB Camera Full HD with Mic Webcast Live,Jakarta Barat,188000,4.9,3451,1651,5,"sampai dengan selamat, mulus dan berfungsi sempurna. Seller mau sabar dikonsultasikan dan mengemas dengan aman. Recommended",Positive,Love,"sampai dengan selamat, mulus dan berfungsi sempurna. seller mau sabar dikonsultasikan dan mengemas dengan aman. recommended"
Computers and Laptops,Logitech G102 Lightsync Gaming Mouse [FS] - Hitam,Jakarta Pusat,379000,4.9,3185,1829,5,"Proses pesanan dan pengiriman barang cukup cepat, produk sesuai deskripsi, seller responsif, sukses dan tetap jaga protokol kesehatan ya seller! Terima kasih.",Positive,Love,"proses pesanan dan pengiriman barang cukup cepat, produk sesuai deskripsi, seller responsif, sukses dan tetap jaga protokol kesehatan ya seller! terima kasih."
Computers and Laptops,SanDisk Ultra MicroSD 32GB A1 microSDHC UHS-I micro sd - No Adapter,Jakarta Pusat,75900,4.9,6754,3507,5,"Penjual ramah, barangnya bagus, sesuai dgn pesanan, packing rapi, padahal cmn pesan 1 ??????????....",Positive,Love,"penjual ramah, barangnya bagus, sesuai dgn pesanan, packing rapi, padahal cmn pesan 1 ??????????...."
Computers and Laptops,[BARU] RAM / MEMORY SAMSUNG PC DDR3 8GB,Jakarta Selatan,308000,4.9,3168,813,5,"Selamat Siang Bos, pesanan sudah saya terima. Belum di Pasang / di Coba. Packing sangat RAPI dan aman. Product MANTAP. Pokoknya TOP MARKOTOP. PELAYANAN sangat OKE. TOKO sangat RECOMENDED sekali. Makasih banyak atas semuanya. Salam Sukses, Sehat dan Sejahtera Selalu. Aamiin",Positive,Love,"selamat siang bos, pesanan sudah saya terima. belum di pasang di coba. packing sangat rapi dan aman. product mantap. pokoknya top markotop. pelayanan sangat oke. toko sangat recomended sekali. makasih banyak atas semuanya. salam sukses, sehat dan sejahtera selalu. aamiin"
Computers and Laptops,[BARU] RAM / MEMORY SAMSUNG PC DDR3 8GB,Jakarta Selatan,308000,4.9,3168,813,5,Recommended Seller??????,Positive,Love,recommended seller??????
Computers and Laptops,[BARU] RAM / MEMORY SAMSUNG PC DDR3 8GB,Jakarta Selatan,308000,4.9,3168,813,5,TOP BGT,Positive,Love,top bgt
Computers and Laptops,[BARU] RAM / MEMORY SAMSUNG PC DDR3 8GB,Jakarta Selatan,308000,4.9,3168,813,5,"Asli samsung, pelayanan sangat baik",Positive,Love,"asli samsung, pelayanan sangat baik"
Computers and Laptops,Thermal Grizzly Kryonaut Thermal Paste 1 Gram cooler ORIGINAL - KEMASAN BARU,Jakarta Selatan,85000,4.9,7834,4099,5,mantap laptop jd adem ga cpt panas ????,Positive,Love,mantap laptop jd adem ga cpt panas ????
Computers and Laptops,Thermal Grizzly Kryonaut Thermal Paste 1 Gram cooler ORIGINAL - KEMASAN BARU,Jakarta Selatan,85000,4.9,7834,4099,5,"Memory sdh sy pasang. Ada 4 keping 8 GB DDR3, semua berfungsi dg baik. Pengiriman lumayan cepat. Recommended seller. ??",Positive,Love,"memory sdh sy pasang. ada 4 keping 8 gb ddr3, semua berfungsi dg baik. pengiriman lumayan cepat. recommended seller. ??"
Computers and Laptops,SanDisk Cruzer Blade 16GB CZ50 Flashdisk,Jakarta Pusat,82500,4.9,35900,6630,5,"waw murah bangetttt, packingnya rapih, produknya bagus keren mantap. sangat uhuuy pisan deh pokoknya hehehehehe",Positive,Love,"waw murah bangetttt, packingnya rapih, produknya bagus keren mantap. sangat uhuuy pisan deh pokoknya hehehehehe"
Computers and Laptops,SanDisk Cruzer Blade 16GB CZ50 Flashdisk,Jakarta Pusat,82500,4.9,35900,6630,5,MANTAB. RESPON CEPAT. PESANAN TIDAK MENGECEWAKAN. REKOMENDED BUAT BELANJA SPARE PART. TERIMA KASIH ATAS KERJA SAMANYA,Positive,Love,mantab. respon cepat. pesanan tidak mengecewakan. rekomended buat belanja spare part. terima kasih atas kerja samanya
Computers and Laptops,SanDisk Cruzer Blade 16GB CZ50 Flashdisk,Jakarta Pusat,82500,4.9,35900,6630,5,"recommended, fast print fast response",Positive,Love,"recommended, fast print fast response"
Computers and Laptops,SanDisk Cruzer Blade 16GB CZ50 Flashdisk,Jakarta Pusat,82500,4.9,35900,6630,5,"Gila...pengiriman cepet banget..dr surabaya ke bogor,fast respont,barang ok,sesuai banget,packing rapi...recomended seller euy...??????????Ma kasih Gan..thanks toped",Positive,Love,"gila...pengiriman cepet banget..dr surabaya ke bogor,fast respont,barang ok,sesuai banget,packing rapi...recomended seller euy...??????????ma kasih gan..thanks toped"
Computers and Laptops,SanDisk Cruzer Blade 16GB CZ50 Flashdisk,Jakarta Pusat,82500,4.9,35900,6630,5,"barangnya sudah sampai, cepet banget. recommended lah. tengkyuuu",Positive,Love,"barangnya sudah sampai, cepet banget. recommended lah. tengkyuuu"
Computers and Laptops,SanDisk Cruzer Blade 16GB CZ50 Flashdisk,Jakarta Pusat,82500,4.9,35900,6630,5,"Recommended Seller!! Respon cepat, pengiriman cukup cepat...",Positive,Love,"recommended seller!! respon cepat, pengiriman cukup cepat..."
Computers and Laptops,Razer Hammerhead Pro V2,Jakarta Barat,975000,4.9,5909,3972,5,Earcupnya lembut. Best value headset. Sound mantap. Nyaman dan praktis tinggal plug and play. mantaaaap laaah buat gamer,Positive,Love,earcupnya lembut. best value headset. sound mantap. nyaman dan praktis tinggal plug and play. mantaaaap laaah buat gamer
Computers and Laptops,RAM KINGSTON HYPERX FURY DDR4 8GB 2666MHz 21300 GAMING RAM PC DDR4 8GB,Jakarta Selatan,425000,4.9,5145,1970,5,"Respon cepat, barang original terbaik recomended packing baik. Sukses selalu ya",Positive,Love,"respon cepat, barang original terbaik recomended packing baik. sukses selalu ya"
Computers and Laptops,Razer Hammerhead Pro V4,Jakarta Barat,975000,4.9,5909,3972,5,Kualitas Suara OK banget apalagi dengan harga yang terjangkau Barang pun dijamin ori karena sudah terdaftar di Website Razer langsung Pokoknya bagus lah bassnya juga kerasa,Positive,Love,kualitas suara ok banget apalagi dengan harga yang terjangkau barang pun dijamin ori karena sudah terdaftar di website razer langsung pokoknya bagus lah bassnya juga kerasa
Computers and Laptops,dbE GM190 7.1 Virtual Surround Gaming Headphone,Jakarta Selatan,195000,4.9,5421,3396,5,"10/10, kualitas produk sangat baik dengan harga yang tertera. nyaman dipakai, suara keras dan 7.1 berfungsi dengan baik. definitely would recommend this.",Positive,Love,"1010, kualitas produk sangat baik dengan harga yang tertera. nyaman dipakai, suara keras dan 7.1 berfungsi dengan baik. definitely would recommend this."
Computers and Laptops,Antivirus Kaspersky Total Security 1 Device 1 Tahun - 1 Device 1 Th,Jakarta Barat,125000,5.0,4503,1854,5,"Mantaaap. Tanggap banget, fast respon. Juossssssss",Positive,Love,"mantaaap. tanggap banget, fast respon. juossssssss"
Computers and Laptops,dbE GM190 7.1 Virtual Surround Gaming Headphone,Jakarta Selatan,195000,4.9,5421,3396,5,"Barangnya bagus bangett, dengan harga yang affordable dengan kualitas yang lumayan gokil sihh",Positive,Love,"barangnya bagus bangett, dengan harga yang affordable dengan kualitas yang lumayan gokil sihh"
Computers and Laptops,Logitech Wireless Mouse & Keyboard Bundle Combo MK220 - Hitam,Jakarta Barat,235000,4.8,7713,2978,5,mantappppp. recommended keyboard ma mousenya ????????????,Positive,Love,mantappppp. recommended keyboard ma mousenya ????????????
Computers and Laptops,Fantech OCA258 / OC-A258 Kursi Kerja Kantor Premium Office Chair - Pink,Jakarta Pusat,1299000,4.9,927,571,5,mantab minnn pengiriman jam 5 sore masih di gasss ????,Positive,Love,mantab minnn pengiriman jam 5 sore masih di gasss ????
Computers and Laptops,MOUSEPAD GAMING FANTECH FIREFLY MPR800s RGB,Jakarta Barat,399000,5.0,3941,2281,5,Mantap banget kualitasnya gak usah diragukan lagi,Positive,Love,mantap banget kualitasnya gak usah diragukan lagi
Computers and Laptops,MOUSEPAD GAMING FANTECH FIREFLY MPR800s RGB,Jakarta Barat,399000,5.0,3941,2281,5,"Cakep produk nya, rekomen banget nih, sesuai deskripsi",Positive,Love,"cakep produk nya, rekomen banget nih, sesuai deskripsi"
Computers and Laptops,MOUSEPAD GAMING FANTECH FIREFLY MPR800s RGB,Jakarta Barat,399000,5.0,3941,2281,5,"packing rapih, fast response, dan rgbnya juga bagus ??sangat di rekomendasikan 10/10",Positive,Love,"packing rapih, fast response, dan rgbnya juga bagus ??sangat di rekomendasikan 1010"
Computers and Laptops,Fantech OCA258 / OC-A258 Kursi Kerja Kantor Premium Office Chair - Pink,Jakarta Pusat,1299000,4.9,927,571,5,"As always gapernah gagal belanja sini, thanks ggs",Positive,Love,"as always gapernah gagal belanja sini, thanks ggs"
Computers and Laptops,Fantech OCA258 / OC-A258 Kursi Kerja Kantor Premium Office Chair - Pink,Jakarta Pusat,1299000,4.9,927,571,5,"cakep bet dah, mau duduk aja di kursi ini sampe ga mau berdiri lagi rasanya",Positive,Love,"cakep bet dah, mau duduk aja di kursi ini sampe ga mau berdiri lagi rasanya"
Computers and Laptops,AIRO AIO24X 144Hz 1080P 24 Inch IPS Gaming Monitor - AIO24X,Jakarta Timur,2799000,4.9,933,615,5,"Overall memuaskan, layar bagus walau menurut saya IPSnya ga sebagus IPS TV, warna sudah bagus ga oversaturated, brightness sangat terang, buat di pakai dalam gelap tetap silau biar brightness udah 0. Layar bisa di putar, cm di kaki saja gampang kedorong, refresh rate terbukti cepat, buat fps sudah mantab. Kalau asa softwarenya mungkin lebih bagus lagi, jd setting ga perlu lewat tombol di belakang. Dpt kabel display port, desain keren hampir bezelless, nice.",Positive,Love,"overall memuaskan, layar bagus walau menurut saya ipsnya ga sebagus ips tv, warna sudah bagus ga oversaturated, brightness sangat terang, buat di pakai dalam gelap tetap silau biar brightness udah 0. layar bisa di putar, cm di kaki saja gampang kedorong, refresh rate terbukti cepat, buat fps sudah mantab. kalau asa softwarenya mungkin lebih bagus lagi, jd setting ga perlu lewat tombol di belakang. dpt kabel display port, desain keren hampir bezelless, nice."
Computers and Laptops,AIRO AIO24X 144Hz 1080P 24 Inch IPS Gaming Monitor - AIO24X,Jakarta Timur,2799000,4.9,933,615,5,"Love it, product bagus. Worth it. Thank you????",Positive,Love,"love it, product bagus. worth it. thank you????"
Computers and Laptops,AIRO AIO24X 144Hz 1080P 24 Inch IPS Gaming Monitor - AIO24X,Jakarta Timur,2799000,4.9,933,615,5,"AIRO ini punya customer service yang super duper bagus, kapanpun saya punya pertanyaan, mereka selalu jawab dengan okey! Produknya pun bagus! Puas banget! Love AIRO??",Positive,Love,"airo ini punya customer service yang super duper bagus, kapanpun saya punya pertanyaan, mereka selalu jawab dengan okey! produknya pun bagus! puas banget! love airo??"
Computers and Laptops,Windows 10 Pro Original Lisensi - INVOICE,Kota Bekasi,18000,4.9,11000,4765,5,"barangnya mantap, berkualitas, kokoh, bergaransi, seller ramah, pokoknya mantap banget",Positive,Love,"barangnya mantap, berkualitas, kokoh, bergaransi, seller ramah, pokoknya mantap banget"
Computers and Laptops,Windows 10 Pro Original Lisensi - INVOICE,Kota Bekasi,18000,4.9,11000,4765,5,"layanan sangat memuaskan, seller rekomended",Positive,Love,"layanan sangat memuaskan, seller rekomended"
Computers and Laptops,Huion H430P Graphic Drawing Tablet OSU Alternati H420 H640P HS64 S640 - Tablet,Jakarta Barat,322000,5.0,7486,3723,5,"luar biasa, packing di jamin aman, pakai bubblewrap. cepet banget prosesnya. senin malam cekout, paginya kirim, hari ini rabu sore sampai. sangat cepat. sangat puas. terimakasih, sukses selalu yah tech cube",Positive,Love,"luar biasa, packing di jamin aman, pakai bubblewrap. cepet banget prosesnya. senin malam cekout, paginya kirim, hari ini rabu sore sampai. sangat cepat. sangat puas. terimakasih, sukses selalu yah tech cube"
Computers and Laptops,Huion H430P Graphic Drawing Tablet OSU Alternati H420 H640P HS64 S640 - Tablet,Jakarta Barat,322000,5.0,7486,3723,5,"mantap sekali sangat recommended, respon seller bintang 5 baru pesan tadi malam hari ini langsung datang",Positive,Love,"mantap sekali sangat recommended, respon seller bintang 5 baru pesan tadi malam hari ini langsung datang"
Computers and Laptops,Laptop Stand Holder Lipat Adjustable Anti Slip Portable Untuk Laptop,Kab. Tangerang,17999,4.3,5089,2846,1,BAHAN DARI PLASTIK DAN TIDAK KUAT JUGA BUAT MENOPANG LAPTOP.INI SIH KUATNYA BUAT TABLET GAISSS. LEBIH BAIK JANGAN BELI YANG INI,Negative,Fear,bahan dari plastik dan tidak kuat juga buat menopang laptop.ini sih kuatnya buat tablet gaisss. lebih baik jangan beli yang ini
Computers and Laptops,Kepala Colokan Listrik Charger Macbook untuk colokan Indonesia,Jakarta Selatan,85000,4.9,1339,718,1,barang ga pernah sampe.. katanya dikirim nyusul tapi ditanya no resi ga dikasih2..,Negative,Fear,barang ga pernah sampe.. katanya dikirim nyusul tapi ditanya no resi ga dikasih2..
Computers and Laptops,CoolCold Laptop Vacuum Vacum Cooler Cooling Pad Hisap Panas Notebook,Kota Depok,55000,4.8,13900,6671,1,Gak bisa di gunakan ini gimana,Negative,Fear,gak bisa di gunakan ini gimana
Computers and Laptops,SanDisk Extreme Pro SDXC UHS-I Card 64GB 170MB/s,Jakarta Pusat,279000,5.0,3111,1456,1,"Saran aja buat temen temen yang beli disini , jangan buang box nya simpan terus biar kalo baru beli terus rusak bisa di claim garansinya,",Negative,Fear,"saran aja buat temen temen yang beli disini , jangan buang box nya simpan terus biar kalo baru beli terus rusak bisa di claim garansinya,"
Computers and Laptops,Logitech G102 Lightsync Gaming Mouse [FS] - Hitam,Jakarta Pusat,379000,4.9,3185,1829,2,"packaging gk aman bgt, bubble wrap tipis alhasil kemasan barang agak penyok pas dateng, thank god barangnya aman. ini official store seharusnya lebih baik lagi, fix min next duh.",Negative,Fear,"packaging gk aman bgt, bubble wrap tipis alhasil kemasan barang agak penyok pas dateng, thank god barangnya aman. ini official store seharusnya lebih baik lagi, fix min next duh."
Computers and Laptops,"RB - C78 Meja Laptop Lipat Portable Meja Belajar Anak Multifungsi Anti - POLOS, 03",Kab. Tangerang,39998,4.7,6197,2440,1,biarkan gambar bercerita.. pesan 20 bh yg rusak 10 bh.. jgn percaya balasan pembelaan apapun dari seller tidak amanah.. alasan rusak expedisi padahal bisa dilihat sebagian letak cacat 100 % bukan dari expedisi dan sebagian yg lain kalaupun dari expedisi ceroboh itu karena packingan tanpa kardus per satuannya dan bubble juga tipis sekali lewat seadanya tanpa tempelan fragile padahal sudah pesan bubble dan kardus tambahan.. seller berusaha dilimpahkan biar diganti asuransi untung sudah diviseo unboxing dan ditolak jg dr expedisi.. saya tidak pernah cerita panjang lebar di ulasan. tapi berhubung demi kenyamanan buyer lain utk jadi pertimbangan.. bacalah ini.. WASPADALAH WASPADALAH tidak ada itikad baik berusaha lepas tangan bahaya bisa rusak tokopedia kalau banyak seller begini.. sudah dikasih note sewaktu proses dan sudah juga dichat dulu sebelum kirim utk hati hati karena mau utk dijual lagi.. sudah ajukan resolusi pengambalian dana ke tokopedia tp dialihkan ke asuransi.. utk akhirnya tetap tokopeda refund dana. trims admin,Negative,Fear,biarkan gambar bercerita.. pesan 20 bh yg rusak 10 bh.. jgn percaya balasan pembelaan apapun dari seller tidak amanah.. alasan rusak expedisi padahal bisa dilihat sebagian letak cacat 100 bukan dari expedisi dan sebagian yg lain kalaupun dari expedisi ceroboh itu karena packingan tanpa kardus per satuannya dan bubble juga tipis sekali lewat seadanya tanpa tempelan fragile padahal sudah pesan bubble dan kardus tambahan.. seller berusaha dilimpahkan biar diganti asuransi untung sudah diviseo unboxing dan ditolak jg dr expedisi.. saya tidak pernah cerita panjang lebar di ulasan. tapi berhubung demi kenyamanan buyer lain utk jadi pertimbangan.. bacalah ini.. waspadalah waspadalah tidak ada itikad baik berusaha lepas tangan bahaya bisa rusak tokopedia kalau banyak seller begini.. sudah dikasih note sewaktu proses dan sudah juga dichat dulu sebelum kirim utk hati hati karena mau utk dijual lagi.. sudah ajukan resolusi pengambalian dana ke tokopedia tp dialihkan ke asuransi.. utk akhirnya tetap tokopeda refund dana. trims admin
Computers and Laptops,"RB - C78 Meja Laptop Lipat Portable Meja Belajar Anak Multifungsi Anti - POLOS, 03",Kab. Tangerang,39998,4.7,6197,2440,1,"Seharusnya chat dijadikan makesure barang, warna dll, jgn kaku kaku bgt jadi roko",Negative,Fear,"seharusnya chat dijadikan makesure barang, warna dll, jgn kaku kaku bgt jadi roko"
Computers and Laptops,"RB - C78 Meja Laptop Lipat Portable Meja Belajar Anak Multifungsi Anti - POLOS, 03",Kab. Tangerang,39998,4.7,6197,2440,1,"Barang diterima dalam kondisi rusak, juga di alami beberapa pembeli lain. complain di reject oleh seller, tapi Tokopedia menengahi dan bisa retur. tapi sayangnya saya dalam situasi tidak mudah mengirim barang. jadi apa boleh buat. Sangat tidak recommend beli di toko yang cenderung tidak amanah",Negative,Fear,"barang diterima dalam kondisi rusak, juga di alami beberapa pembeli lain. complain di reject oleh seller, tapi tokopedia menengahi dan bisa retur. tapi sayangnya saya dalam situasi tidak mudah mengirim barang. jadi apa boleh buat. sangat tidak recommend beli di toko yang cenderung tidak amanah"
Computers and Laptops,Thermal Grizzly Kryonaut Thermal Paste 1 Gram cooler ORIGINAL - KEMASAN BARU,Jakarta Selatan,85000,4.9,7834,4099,2,"ampun dah ini packing terasal yg pernah gua terima, ini klu patah gimana, awas aja isinya rusak pas gua pake ya",Negative,Fear,"ampun dah ini packing terasal yg pernah gua terima, ini klu patah gimana, awas aja isinya rusak pas gua pake ya"
Computers and Laptops,SSD 128GB RX7 GARANSI RESMI 3THN,Kota Tangerang,210000,5.0,15400,3486,1,"Produk ini, chip di dalamnya didaur ulang dan dipasang kembali setelah menggiling kata-kata aslinya. Pembeli harap perhatikan Teman-teman, tolong beri perhatian khusus",Negative,Fear,"produk ini, chip di dalamnya didaur ulang dan dipasang kembali setelah menggiling katakata aslinya. pembeli harap perhatikan temanteman, tolong beri perhatian khusus"
Computers and Laptops,SanDisk Cruzer Blade 32GB CZ50 Flashdisk,Jakarta Pusat,95000,4.9,18100,6333,1,"Ini toko korup.,ga sesuai sama isinya..not recommended",Negative,Fear,"ini toko korup.,ga sesuai sama isinya..not recommended"
Computers and Laptops,Telkomsel Orbit Star 2,Kota Tangerang,629000,4.8,5998,3441,1,"isi paket via link aja yg di rekomendasikan aja selalu gagal,via ovo,mandiri sampe BCA aja selalu gagal..ga siap system' nya jangan jualan..",Negative,Fear,"isi paket via link aja yg di rekomendasikan aja selalu gagal,via ovo,mandiri sampe bca aja selalu gagal..ga siap system nya jangan jualan.."
Computers and Laptops,Telkomsel Orbit Star 2,Kota Tangerang,629000,4.8,5998,3441,1,"Nope! Kalau kepikiran mau beli, saran saya JANGAN. Product sering RTO gajelas, CS after sales service yg buruk, dijamin pengalaman kalian akan kecewa.",Negative,Fear,"nope! kalau kepikiran mau beli, saran saya jangan. product sering rto gajelas, cs after sales service yg buruk, dijamin pengalaman kalian akan kecewa."
Computers and Laptops,[FS] Logitech B170 Mouse Wireless - Black,Jakarta Timur,159000,4.9,2211,991,1,"Pelayanan buruk, pengiriman lama dan respon yang lama. Jangan beli barang disini kalo ga mau kecewa. Cukup sekali ini aja",Negative,Fear,"pelayanan buruk, pengiriman lama dan respon yang lama. jangan beli barang disini kalo ga mau kecewa. cukup sekali ini aja"
Computers and Laptops,Mini Keyboard Wireless i8 2.4G Handheld Keyboard For PC Android TV Box,Jakarta Utara,56000,4.8,18300,5431,1,sama sekali gk bisa dpake asli nyesel,Negative,Fear,sama sekali gk bisa dpake asli nyesel
Computers and Laptops,"Logitech C920 Webcam PRO Full HD 1080p Autofocus, Noise-Cancelling",Jakarta Timur,1199000,4.9,10900,4760,1,"Produk yg dikirim awal tidak dapat berfungsi dengan semestinya, meskipun sdh dikirimkan lg produk lainnya. Selain itu, seller sangat tidak layak menjadi official store.. Pengiriman barang tidak sesuai dengan jadwal yang dijanjikan di deskripsi/sistem Tokped. Selain itu, sangat slow response seller ini. NOT RECOMMENDED..",Negative,Fear,"produk yg dikirim awal tidak dapat berfungsi dengan semestinya, meskipun sdh dikirimkan lg produk lainnya. selain itu, seller sangat tidak layak menjadi official store.. pengiriman barang tidak sesuai dengan jadwal yang dijanjikan di deskripsisistem tokped. selain itu, sangat slow response seller ini. not recommended.."
Computers and Laptops,Logitech M191 Mouse Wireless Full Size - Mid Grey,Jakarta Timur,299000,4.9,9798,5559,1,"respon cellernya setengah mati nungguinnnn....pengiriman nunggu berhari hari padahal pake pengiriman instan dah bayar ongkir mahal celler sama pembeli tinggla di Jakarta Utara g arekomen buat pembeli lagi cari yang lain...,,dari pada emosi nungguin",Negative,Fear,"respon cellernya setengah mati nungguinnnn....pengiriman nunggu berhari hari padahal pake pengiriman instan dah bayar ongkir mahal celler sama pembeli tinggla di jakarta utara g arekomen buat pembeli lagi cari yang lain...,,dari pada emosi nungguin"
Computers and Laptops,Logitech M191 Mouse Wireless Full Size - Mid Grey,Jakarta Timur,299000,4.9,9798,5559,1,"Parah prosesnya lama banget, semoga ini bisa jadi pelajaram buat team logitech",Negative,Fear,"parah prosesnya lama banget, semoga ini bisa jadi pelajaram buat team logitech"
Computers and Laptops,Laptop Stand Holder Lipat Adjustable Anti Slip Portable Untuk Laptop,Kab. Tangerang,69900,4.3,5108,2852,1,"Harga sih promo 17.900, sy pake gojek instant lebih mahal ongkirnya drpd barangnya, krn mau dipake cepet. pas nyampe eh ternyata udah patah sebelah standnya.. kecewa sih karna kalo jual promo ada cacat ya di catet gitu biar customer ga beli barang promo kalo tau ada cacatnya.. seller si oke buat tuker barang, tp udh ga efektif aja sy mau pake cepet jg jd ga bisa, di retur jg ongkir lebih mahal lagi dari kualitas barangnya :( mengecewakan deh pokonya kapok beli disini",Negative,Fear,"harga sih promo 17.900, sy pake gojek instant lebih mahal ongkirnya drpd barangnya, krn mau dipake cepet. pas nyampe eh ternyata udah patah sebelah standnya.. kecewa sih karna kalo jual promo ada cacat ya di catet gitu biar customer ga beli barang promo kalo tau ada cacatnya.. seller si oke buat tuker barang, tp udh ga efektif aja sy mau pake cepet jg jd ga bisa, di retur jg ongkir lebih mahal lagi dari kualitas barangnya mengecewakan deh pokonya kapok beli disini"
Computers and Laptops,"Wacom One by CTL-472/K0-CX Creative Pen Tablet CTL472 CTL 472 KO CX - Unit Only, CTL472",Jakarta Selatan,749000,5.0,5666,2372,1,hati2 ternyata di foto display adalah varian yg ada bonus harga berbeda,Negative,Fear,hati2 ternyata di foto display adalah varian yg ada bonus harga berbeda
Computers and Laptops,Logitech K380 Keyboard Wireless Bluetooth Multi-Device - Merah Muda,Jakarta Timur,599000,4.9,3217,1895,1,"Estimasi proses pesanan 2-3 hari? bung ini online platform. kalo ga siap cepet menuhin customer secara online, jualan offline aja. customer beli online buat dipake segera dan kalau ada delay/proses apalah itu, ditulis di deskripsi produk. ini customer nanya dulu baru diinfo. proses pemesanan 2-3 hari itu juga ga ada efeknya ke kemasan. cuma dibungkus bubble wrap tipissss. ga kebayang kalo customer ada yg apes barangnya dilempar2 jadi ancur isinya. dan jangan pernah janjiin ke customer barang akan dipickup/antar saat weekend. karena kalian aja libur sabtu&minggu.",Negative,Fear,"estimasi proses pesanan 23 hari? bung ini online platform. kalo ga siap cepet menuhin customer secara online, jualan offline aja. customer beli online buat dipake segera dan kalau ada delayproses apalah itu, ditulis di deskripsi produk. ini customer nanya dulu baru diinfo. proses pemesanan 23 hari itu juga ga ada efeknya ke kemasan. cuma dibungkus bubble wrap tipissss. ga kebayang kalo customer ada yg apes barangnya dilempar2 jadi ancur isinya. dan jangan pernah janjiin ke customer barang akan dipickupantar saat weekend. karena kalian aja libur sabtuminggu."
Computers and Laptops,"RB - C78 Meja Laptop Lipat Portable Meja Belajar Anak Multifungsi Anti - POLOS, 03",Kab. Tangerang,39998,4.7,6197,2440,1,"pesan tanggal 2 Maret jam 9 pakai pengiriman instant, sampai nya tanggal 3 maret. Padahal sudah bayar mahal, dikirimnya keesokan harinya. bukan salah pengantarnya, driver go-send nya sudah mengantarkan paket dengan baik. tapi durasi proses dari toko sangat lama. padahal butuhnya tanggal 2 maret makanya saya pilih pengiriman instant. saya juga sudah tanya pihak toko jika paket bisa dikirim hari itu juga atau tidak, jawabannya bisa. Tapi kenyataannya paket saya tidak dikirim pada hari itu juga. kalau tidak bisa dikirim hari itu juga ya bilang. Saya juga sudah ajukan cancel pesanan juga tidak ada respon dari penjual. Pelayanan sangat sangat buruk. Tidak recommended. Semoga lebih baik lagi kedepannya.",Negative,Fear,"pesan tanggal 2 maret jam 9 pakai pengiriman instant, sampai nya tanggal 3 maret. padahal sudah bayar mahal, dikirimnya keesokan harinya. bukan salah pengantarnya, driver gosend nya sudah mengantarkan paket dengan baik. tapi durasi proses dari toko sangat lama. padahal butuhnya tanggal 2 maret makanya saya pilih pengiriman instant. saya juga sudah tanya pihak toko jika paket bisa dikirim hari itu juga atau tidak, jawabannya bisa. tapi kenyataannya paket saya tidak dikirim pada hari itu juga. kalau tidak bisa dikirim hari itu juga ya bilang. saya juga sudah ajukan cancel pesanan juga tidak ada respon dari penjual. pelayanan sangat sangat buruk. tidak recommended. semoga lebih baik lagi kedepannya."
Computers and Laptops,Memory Card 128GB CLASS 10 100Mbps MicroSD Kartu Memori card,Jakarta Selatan,78000,4.7,1053,577,1,barang ternyata palsu,Negative,Fear,barang ternyata palsu
Computers and Laptops,dbE GM190 7.1 Virtual Surround Gaming Headphone,Jakarta Selatan,195000,4.9,5421,3396,1,"ga jelas, info bohong yang bikin pengalaman tidak menyenangkan, kalo mau beli produk dbe cari toko laen, yang ini tipu tipu, headphone dateng dengan keadaan bikin kuping sakit",Negative,Fear,"ga jelas, info bohong yang bikin pengalaman tidak menyenangkan, kalo mau beli produk dbe cari toko laen, yang ini tipu tipu, headphone dateng dengan keadaan bikin kuping sakit"
Computers and Laptops,Mouse Gaming/ Gaming Mouse Terlaris HP M160 - USB 1000DPI RGB 3 Button - Putih,Jakarta Pusat,140000,4.9,4074,2249,1,"RGB mati dari awal datang , penjual gak respon, barang gak lulus qc sepertinya yg dijual. hati hati kalau beli ????",Negative,Fear,"rgb mati dari awal datang , penjual gak respon, barang gak lulus qc sepertinya yg dijual. hati hati kalau beli ????"
Computers and Laptops,Acer Aspire 3 Slim A314-22 AMD RYZEN 3-3250U 4GB 256GB 14 FHD W10 OHS - HD (1366x768),Jakarta Pusat,7499000,4.9,445,281,1,"hati2 belanja disini dapet unit cacat dblg suruh ajukan komplain nti mau dituker trnyta tokonya sndiri yg blg gabs dituker, official store abal2 ini mah. ga jelas solusinya gmn",Negative,Fear,"hati2 belanja disini dapet unit cacat dblg suruh ajukan komplain nti mau dituker trnyta tokonya sndiri yg blg gabs dituker, official store abal2 ini mah. ga jelas solusinya gmn"
Computers and Laptops,ACER ASPIRE 3 SLIM A314-22 AMD 3020E 4GB 256GB SSD 14 OHS W10 RESMI - 14 HD 1366x768,Jakarta Pusat,6499000,4.9,404,209,1,"Pelayanan toko sangat buruk, saya order laptop disini, dan setelah barangnya sampai, laptop nya ga mau nyala.. habis itu saya berusaha minta solusi dari seller, awalnya seller masih mau respon seadanya ( tidak menawarkan solusi dan sangat lamban.) lalu karena mikir respondnya lama banget, terpaksa saya ajukan komplain . tapi setelah di komplain, seller ga pernah jawab diskusi ataupun respon kendalanya.. saya dicuekin selama 8 hari, sampai jangka waktu habis dan dana di refund. kalau ada yg baca ulasan saya. saya anjurkan utk order di toko lain. jangan tergoda sama tittle official store, nyata nya pelayanan toko ga lebih baik dari merchant biasa. harga juga ga lebih murah.",Negative,Fear,"pelayanan toko sangat buruk, saya order laptop disini, dan setelah barangnya sampai, laptop nya ga mau nyala.. habis itu saya berusaha minta solusi dari seller, awalnya seller masih mau respon seadanya tidak menawarkan solusi dan sangat lamban. lalu karena mikir respondnya lama banget, terpaksa saya ajukan komplain . tapi setelah di komplain, seller ga pernah jawab diskusi ataupun respon kendalanya.. saya dicuekin selama 8 hari, sampai jangka waktu habis dan dana di refund. kalau ada yg baca ulasan saya. saya anjurkan utk order di toko lain. jangan tergoda sama tittle official store, nyata nya pelayanan toko ga lebih baik dari merchant biasa. harga juga ga lebih murah."
Computers and Laptops,Laptop HP 14 Intel Celeron N4020 4GB 128GB W10 14.0 HD FREE OFFICE - Biru,Jakarta Utara,5399000,4.7,75,39,1,"Pengiriman laptop dr toko tidak dicek dahulu,.. laptop yg dikasih ke pembeli layar pecah, kerdus rusak,.. padahal packingan tidak ada yg rusak,... menghabiskan waktu saja, buat klaim ke tokpedia, berminggu minggu baru berhasil klaim ke pihak asuransi. Ternyata toko yg sudah verified tidak menjamin, Pelayanan toko ini buruk, respon cepat saat awal beli aja,.. saat dikomplen sangat lama, mengulur2 waktu, tidak mau tanggung jawab,.. padahal jelas komplainan langsung dihari berikutny setelah paket dibuka, yg seharusny, bisa langsung tuker unit langsung dr toko.... Trus Apa gunany ditulis di Deskripsi Garansi toko 3 hari ???... Cukup terakhir beli disini, thanks",Negative,Fear,"pengiriman laptop dr toko tidak dicek dahulu,.. laptop yg dikasih ke pembeli layar pecah, kerdus rusak,.. padahal packingan tidak ada yg rusak,... menghabiskan waktu saja, buat klaim ke tokpedia, berminggu minggu baru berhasil klaim ke pihak asuransi. ternyata toko yg sudah verified tidak menjamin, pelayanan toko ini buruk, respon cepat saat awal beli aja,.. saat dikomplen sangat lama, mengulur2 waktu, tidak mau tanggung jawab,.. padahal jelas komplainan langsung dihari berikutny setelah paket dibuka, yg seharusny, bisa langsung tuker unit langsung dr toko.... trus apa gunany ditulis di deskripsi garansi toko 3 hari ???... cukup terakhir beli disini, thanks"
Computers and Laptops,"RB - C78 Meja Laptop Lipat Portable Meja Belajar Anak Multifungsi Anti - POLOS, 03",Kab. Tangerang,39998,4.7,5936,2344,1,JANGAN MAU BELI DI SINI. CEK REVIEW PENJUALAN NYA BANYAK YG RUSAK DI KIRIM. SAYA KORBAN JUGA. CEK FOTO BARANG YANG SAYA ORDER. SUPAYA YANG LAIN TIDAK JADI KORBAN.. KACAU TOKO INI MENJUAL BARANG RUSAK.,Negative,Fear,jangan mau beli di sini. cek review penjualan nya banyak yg rusak di kirim. saya korban juga. cek foto barang yang saya order. supaya yang lain tidak jadi korban.. kacau toko ini menjual barang rusak.
Computers and Laptops,"RB - C78 Meja Laptop Lipat Portable Meja Belajar Anak Multifungsi Anti - POLOS, 03",Kab. Tangerang,39998,4.7,5936,2344,1,biarkan gambar bercerita.. pesan 20 bh yg rusak 10 bh.. jgn percaya balasan pembelaan apapun dari seller tidak amanah.. alasan rusak expedisi padahal bisa dilihat sebagian letak cacat 100 % bukan dari expedisi dan sebagian yg lain kalaupun dari expedisi ceroboh itu karena packingan tanpa kardus per satuannya dan bubble juga tipis sekali lewat seadanya tanpa tempelan fragile padahal sudah pesan bubble dan kardus tambahan.. seller berusaha dilimpahkan biar diganti asuransi untung sudah diviseo unboxing dan ditolak jg dr expedisi.. saya tidak pernah cerita panjang lebar di ulasan. tapi berhubung demi kenyamanan buyer lain utk jadi pertimbangan.. bacalah ini.. WASPADALAH WASPADALAH tidak ada itikad baik berusaha lepas tangan bahaya bisa rusak tokopedia kalau banyak seller begini.. sudah dikasih note sewaktu proses dan sudah juga dichat dulu sebelum kirim utk hati hati karena mau utk dijual lagi.. sudah ajukan resolusi pengambalian dana ke tokopedia tp dialihkan ke asuransi.. utk akhirnya tetap tokopeda refund dana. trims admin,Negative,Fear,biarkan gambar bercerita.. pesan 20 bh yg rusak 10 bh.. jgn percaya balasan pembelaan apapun dari seller tidak amanah.. alasan rusak expedisi padahal bisa dilihat sebagian letak cacat 100 bukan dari expedisi dan sebagian yg lain kalaupun dari expedisi ceroboh itu karena packingan tanpa kardus per satuannya dan bubble juga tipis sekali lewat seadanya tanpa tempelan fragile padahal sudah pesan bubble dan kardus tambahan.. seller berusaha dilimpahkan biar diganti asuransi untung sudah diviseo unboxing dan ditolak jg dr expedisi.. saya tidak pernah cerita panjang lebar di ulasan. tapi berhubung demi kenyamanan buyer lain utk jadi pertimbangan.. bacalah ini.. waspadalah waspadalah tidak ada itikad baik berusaha lepas tangan bahaya bisa rusak tokopedia kalau banyak seller begini.. sudah dikasih note sewaktu proses dan sudah juga dichat dulu sebelum kirim utk hati hati karena mau utk dijual lagi.. sudah ajukan resolusi pengambalian dana ke tokopedia tp dialihkan ke asuransi.. utk akhirnya tetap tokopeda refund dana. trims admin
Computers and Laptops,"RB - C78 Meja Laptop Lipat Portable Meja Belajar Anak Multifungsi Anti - POLOS, 03",Kab. Tangerang,39998,4.7,5936,2344,1,"Seharusnya chat dijadikan makesure barang, warna dll, jgn kaku kaku bgt jadi roko",Negative,Fear,"seharusnya chat dijadikan makesure barang, warna dll, jgn kaku kaku bgt jadi roko"
Computers and Laptops,"RB - C78 Meja Laptop Lipat Portable Meja Belajar Anak Multifungsi Anti - POLOS, 03",Kab. Tangerang,39998,4.7,5936,2344,1,"meja laptopnya begitu dibuka kardusnya sudah pecah diujungnya dan ada retak juga dibagian bawah, trus mejanya juga hijau kusam seperti barang bekas pakai, seller dikomplain menolak penukaran barang dengan alasan buktinya kurang, malah diarahkan utk menggunakan asuransi dr tokopedia, dgn proses yg ribet harus ada bukti pemusnahan barang jg, pas sy lihat lagi ulasan2 ternyata banyak juga yg dapet mejanya pecah dan rusak, dan mereka semua pada kecewa, saran kalau jualan yg jujur, kl memang yg dijual barang bekas atau ex display bilang saja tulis di deskripsi yg jujur, tolong tokopedia lebih selektif terhadap toko yg seperti ini, packing barang juga terkesan asal2an cuma pakai kardus tipis saja ga pakai bubble wrap sama sekali, semoga ga ada lagi customer yg tertipu seperti saya",Negative,Fear,"meja laptopnya begitu dibuka kardusnya sudah pecah diujungnya dan ada retak juga dibagian bawah, trus mejanya juga hijau kusam seperti barang bekas pakai, seller dikomplain menolak penukaran barang dengan alasan buktinya kurang, malah diarahkan utk menggunakan asuransi dr tokopedia, dgn proses yg ribet harus ada bukti pemusnahan barang jg, pas sy lihat lagi ulasan2 ternyata banyak juga yg dapet mejanya pecah dan rusak, dan mereka semua pada kecewa, saran kalau jualan yg jujur, kl memang yg dijual barang bekas atau ex display bilang saja tulis di deskripsi yg jujur, tolong tokopedia lebih selektif terhadap toko yg seperti ini, packing barang juga terkesan asal2an cuma pakai kardus tipis saja ga pakai bubble wrap sama sekali, semoga ga ada lagi customer yg tertipu seperti saya"
Computers and Laptops,ACOME MicroSD Card 8GB/16GB/32GB/64GB High Speed Up To 90MB/S Class 10 - 8 gb,Jakarta Utara,699000,4.9,2436,921,1,tolong di cek sebelum dikirim ya khususnya sd,Negative,Fear,tolong di cek sebelum dikirim ya khususnya sd
Computers and Laptops,ACOME MicroSD Card 8GB/16GB/32GB/64GB High Speed Up To 90MB/S Class 10 - 8 gb,Jakarta Utara,699000,4.9,2436,921,1,"barang baru datang pertma saya coba di samsung A52 bisa terbaca,baru saya pasang di cctv ternyta ga bisa.penasran saya coba di samsung m30 juga ga bisa,pensran lagi saya coba di oppo A15 ternyta ga bisa juga.masih pensran saya coba lagi disamsung A52 ternyta dh ga bisa.Seumur umur baru ini saya kasih bintang 1,klaim garansi ternyta ribet juga.kapok saya belnja di apliksi ini maupun toko ini,masih enkn tko seblah.komplain kepenjual disurh komplain ke toped,komplain toped disurh komplain dulu gimna baiknuy sama penjual.hadeh..pok kapok saya..",Negative,Fear,"barang baru datang pertma saya coba di samsung a52 bisa terbaca,baru saya pasang di cctv ternyta ga bisa.penasran saya coba di samsung m30 juga ga bisa,pensran lagi saya coba di oppo a15 ternyta ga bisa juga.masih pensran saya coba lagi disamsung a52 ternyta dh ga bisa.seumur umur baru ini saya kasih bintang 1,klaim garansi ternyta ribet juga.kapok saya belnja di apliksi ini maupun toko ini,masih enkn tko seblah.komplain kepenjual disurh komplain ke toped,komplain toped disurh komplain dulu gimna baiknuy sama penjual.hadeh..pok kapok saya.."
Computers and Laptops,ACOME MicroSD Card 8GB/16GB/32GB/64GB High Speed Up To 90MB/S Class 10 - 8 gb,Jakarta Utara,699000,4.9,2436,921,1,"sebelum mempercayakan penyimpanan data kalian . mending pikir dulu deh . saya baru pakai blm 2 minggu , kartu langsung tidak terbaca lagi . mana ada data yg tidak bsa di selamatkan . dan proses garansinya aja pake estimasi sebulan . yap SEBULAN . mending beli yg pasti aja . merk baru blum tentu terjamin kualitasnya . Be carefull and keep healthy . thx",Negative,Fear,"sebelum mempercayakan penyimpanan data kalian . mending pikir dulu deh . saya baru pakai blm 2 minggu , kartu langsung tidak terbaca lagi . mana ada data yg tidak bsa di selamatkan . dan proses garansinya aja pake estimasi sebulan . yap sebulan . mending beli yg pasti aja . merk baru blum tentu terjamin kualitasnya . be carefull and keep healthy . thx"
Computers and Laptops,KUKE KLS-808 Meja Lipat Laptop /Meja laptop lipat/Oxy Folding Table - Hitam,Jakarta Barat,129999,4.8,4330,2096,1,"Sangat kecewa sekali. Produk kakinya goyang tidak rata oglek2. Hati2 jika membeli warna putih, karena tidak sesuai difoto produk. Barang yg sampai warna coklat, tapi penjual ngotot meja yg diterima saya itu warna putih sesuai foto dan tidak mau menerima komplain. Saya lihat review beberapa pembeli lainnya juga mengalami hal yg sama seperti saya, dikirimkan warna berbeda dari yang dipesan. Walaupun saya sudah bertanya dulu di msg memastikan sebelum membeli dan menulis pesan sewaktu order, percuma saja.",Negative,Fear,"sangat kecewa sekali. produk kakinya goyang tidak rata oglek2. hati2 jika membeli warna putih, karena tidak sesuai difoto produk. barang yg sampai warna coklat, tapi penjual ngotot meja yg diterima saya itu warna putih sesuai foto dan tidak mau menerima komplain. saya lihat review beberapa pembeli lainnya juga mengalami hal yg sama seperti saya, dikirimkan warna berbeda dari yang dipesan. walaupun saya sudah bertanya dulu di msg memastikan sebelum membeli dan menulis pesan sewaktu order, percuma saja."
Computers and Laptops,RAM KINGSTON HYPERX FURY GAMING DDR3 8GB 1600MHz 12800 RAM PC DDR3 8GB,Jakarta Selatan,345000,4.9,8233,2821,1,"baru pake 3 hari udh berulah, susah hidup, kadang hang, frezee blank saat lagi on komputer. minta di ganti gk di respon trs buat apa embel2 garansi lifetime? not recommended",Negative,Fear,"baru pake 3 hari udh berulah, susah hidup, kadang hang, frezee blank saat lagi on komputer. minta di ganti gk di respon trs buat apa embel2 garansi lifetime? not recommended"
Computers and Laptops,RAM KINGSTON HYPERX FURY GAMING DDR3 8GB 1600MHz 12800 RAM PC DDR3 8GB,Jakarta Selatan,345000,4.9,8233,2821,1,"RAMnya gabisa di pakai walau udh minta tuker 2x, giliran dimintain refund susah banget, jangan mau beli disini pokoknya ga recommend banget, hati hatii sama RAM palsu",Negative,Fear,"ramnya gabisa di pakai walau udh minta tuker 2x, giliran dimintain refund susah banget, jangan mau beli disini pokoknya ga recommend banget, hati hatii sama ram palsu"
Computers and Laptops,Mediatech Gaming Headset / Headphone Zeus MSH 016 - Merah,Jakarta Utara,89000,4.8,5279,2970,1,Suara kecil sebelah.. ini produk bermasalah kaulitas kontrolnya. Gak rekomen.,Negative,Fear,suara kecil sebelah.. ini produk bermasalah kaulitas kontrolnya. gak rekomen.
Computers and Laptops,"Laptop Lenovo Thinkpad T410 Intel Core i5-Bonus Tas-Kualitas OK Promo - Vga Intel Hd, HDD 320GB",Jakarta Barat,2599000,4.7,722,351,1,"Laptop rusak, pass di aktifkan fan error, setelah di perbaiki ternyata keyboardnya rusak, setelah ganti keyboardnya ternyata adaptornya rusak. jangan belanja disini",Negative,Fear,"laptop rusak, pass di aktifkan fan error, setelah di perbaiki ternyata keyboardnya rusak, setelah ganti keyboardnya ternyata adaptornya rusak. jangan belanja disini"
